Id,IsDeleted,MasterRecordId,Name,Type,ParentId,BillingStreet,BillingCity,BillingState,BillingPostalCode,BillingCountry,BillingLatitude,BillingLongitude,BillingGeocodeAccuracy,BillingAddress,ShippingStreet,ShippingCity,ShippingState,ShippingPostalCode,ShippingCountry,ShippingLatitude,ShippingLongitude,ShippingGeocodeAccuracy,ShippingAddress,Phone,Fax,AccountNumber,Website,PhotoUrl,Sic,Industry,AnnualRevenue,NumberOfEmployees,Ownership,TickerSymbol,Description,Rating,Site,OwnerId,CreatedDate,CreatedById,LastModifiedDate,LastModifiedById,SystemModstamp,LastActivityDate,LastViewedDate,LastReferencedDate,IsPartner,IsCustomerPortal,Jigsaw,JigsawCompanyId,CleanStatus,AccountSource,DunsNumber,Tradestyle,NaicsCode,NaicsDesc,YearStarted,SicDesc,DandbCompanyId,OperatingHoursId,Primary_Contact__c,Username__c
0010U00000zqsK9QAI,,,Reema Karr,Customer,,174 Unnamed Road,Youngstown,FL,32466,USA,,,,"{""city"":""Youngstown"",""country"":""USA"",""geocodeAccuracy"":null,""latitude"":null,""longitude"":null,""postalCode"":""32466"",""state"":""FL"",""street"":""174 Unnamed Road""}",174 Unnamed Road,Youngstown,FL,32466,USA,,,,"{""city"":""Youngstown"",""country"":""USA"",""geocodeAccuracy"":null,""latitude"":null,""longitude"":null,""postalCode"":""32466"",""state"":""FL"",""street"":""174 Unnamed Road""}",(555) 937-5145,,,,/services/images/photo/0010U00000zqsK9QAI,,,,,,,,,,0050U000002fKJPQA2,2020-03-12T23:06:22.000+0000,0050U000002fKJPQA2,2020-03-12T23:06:22.000+0000,0050U000002fKJPQA2,2020-03-12T23:06:22.000+0000,,2020-03-12T23:06:22.000+0000,2020-03-12T23:06:22.000+0000,,,,,Pending,,,,,,,,,,,reemakarr
0010U00000zqsJfQAI,,,Verena Besemer,Customer,,307 Bentley Manor,Shavano Park,TX,78249,USA,,,,"{""city"":""Shavano Park"",""country"":""USA"",""geocodeAccuracy"":null,""latitude"":null,""longitude"":null,""postalCode"":""78249"",""state"":""TX"",""street"":""307 Bentley Manor""}",307 Bentley Manor,Shavano Park,TX,78249,USA,,,,"{""city"":""Shavano Park"",""country"":""USA"",""geocodeAccuracy"":null,""latitude"":null,""longitude"":null,""postalCode"":""78249"",""state"":""TX"",""street"":""307 Bentley Manor""}",(555) 157-9509,,,,/services/images/photo/0010U00000zqsJfQAI,,,,,,,,,,0050U000002fKJPQA2,2020-03-12T23:06:14.000+0000,0050U000002fKJPQA2,2020-03-12T23:06:14.000+0000,0050U000002fKJPQA2,2020-03-12T23:06:14.000+0000,,2020-03-12T23:06:14.000+0000,2020-03-12T23:06:14.000+0000,,,,,Pending,,,,,,,,,,,verena.besemer
0010U00000zqsJgQAI,,,Magdalena Berling,Customer,,300 Spectrum Center Drive,Irvine,CA,92618,USA,,,,"{""city"":""Irvine"",""country"":""USA"",""geocodeAccuracy"":null,""latitude"":null,""longitude"":null,""postalCode"":""92618"",""state"":""CA"",""street"":""300 Spectrum Center Drive""}",300 Spectrum Center Drive,Irvine,CA,92618,USA,,,,"{""city"":""Irvine"",""country"":""USA"",""geocodeAccuracy"":null,""latitude"":null,""longitude"":null,""postalCode"":""92618"",""state"":""CA"",""street"":""300 Spectrum Center Drive""}",(555) 143-6256,,,,/services/images/photo/0010U00000zqsJgQAI,,,,,,,,,,0050U000002fKJPQA2,2020-03-12T23:06:14.000+0000,0050U000002fKJPQA2,2020-03-12T23:06:14.000+0000,0050U000002fKJPQA2,2020-03-12T23:06:14.000+0000,,2020-03-12T23:06:14.000+0000,2020-03-12T23:06:14.000+0000,,,,,Pending,,,,,,,,,,,magdalena.berling
0010U00000zqsJhQAI,,,Luigi Marcano,Customer,,658 Gibraltar Ct,Milpitas,CA,95035,USA,,,,"{""city"":""Milpitas"",""country"":""USA"",""geocodeAccuracy"":null,""latitude"":null,""longitude"":null,""postalCode"":""95035"",""state"":""CA"",""street"":""658 Gibraltar Ct""}",658 Gibraltar Ct,Milpitas,CA,95035,USA,,,,"{""city"":""Milpitas"",""country"":""USA"",""geocodeAccuracy"":null,""latitude"":null,""longitude"":null,""postalCode"":""95035"",""state"":""CA"",""street"":""658 Gibraltar Ct""}",(555) 132-8222,,,,/services/images/photo/0010U00000zqsJhQAI,,,,,,,,,,0050U000002fKJPQA2,2020-03-12T23:06:14.000+0000,0050U000002fKJPQA2,2020-03-12T23:06:14.000+0000,0050U000002fKJPQA2,2020-03-12T23:06:14.000+0000,,2020-03-12T23:06:14.000+0000,2020-03-12T23:06:14.000+0000,,,,,Pending,,,,,,,,,,,luigi.marcano
0010U00000zqsJiQAI,,,Kourtney Mizzell,Customer,,950 East Paces Ferry Road NE,Atlanta,GA,30326,USA,,,,"{""city"":""Atlanta"",""country"":""USA"",""geocodeAccuracy"":null,""latitude"":null,""longitude"":null,""postalCode"":""30326"",""state"":""GA"",""street"":""950 East Paces Ferry Road NE""}",950 East Paces Ferry Road NE,Atlanta,GA,30326,USA,,,,"{""city"":""Atlanta"",""country"":""USA"",""geocodeAccuracy"":null,""latitude"":null,""longitude"":null,""postalCode"":""30326"",""state"":""GA"",""street"":""950 East Paces Ferry Road NE""}",(555) 495-2963,,,,/services/images/photo/0010U00000zqsJiQAI,,,,,,,,,,0050U000002fKJPQA2,2020-03-12T23:06:14.000+0000,0050U000002fKJPQA2,2020-03-12T23:06:14.000+0000,0050U000002fKJPQA2,2020-03-12T23:06:14.000+0000,,2020-03-12T23:06:14.000+0000,2020-03-12T23:06:14.000+0000,,,,,Pending,,,,,,,,,,,kourtney.mizzell
0010U00000zqsJjQAI,,,Nanette Decker,Customer,,1335 Madison St NE,Salem,OR,97301,USA,,,,"{""city"":""Salem"",""country"":""USA"",""geocodeAccuracy"":null,""latitude"":null,""longitude"":null,""postalCode"":""97301"",""state"":""OR"",""street"":""1335 Madison St NE""}",1335 Madison St NE,Salem,OR,97301,USA,,,,"{""city"":""Salem"",""country"":""USA"",""geocodeAccuracy"":null,""latitude"":null,""longitude"":null,""postalCode"":""97301"",""state"":""OR"",""street"":""1335 Madison St NE""}",(555) 756-6609,,,,/services/images/photo/0010U00000zqsJjQAI,,,,,,,,,,0050U000002fKJPQA2,2020-03-12T23:06:14.000+0000,0050U000002fKJPQA2,2020-03-12T23:06:14.000+0000,0050U000002fKJPQA2,2020-03-12T23:06:14.000+0000,,2020-03-12T23:06:14.000+0000,2020-03-12T23:06:14.000+0000,,,,,Pending,,,,,,,,,,,nanette.decker
0010U00000zqsJkQAI,,,Brigid Radick,Customer,,7926 Droege Road,Decatur,IN,46733,USA,,,,"{""city"":""Decatur"",""country"":""USA"",""geocodeAccuracy"":null,""latitude"":null,""longitude"":null,""postalCode"":""46733"",""state"":""IN"",""street"":""7926 Droege Road""}",7926 Droege Road,Decatur,IN,46733,USA,,,,"{""city"":""Decatur"",""country"":""USA"",""geocodeAccuracy"":null,""latitude"":null,""longitude"":null,""postalCode"":""46733"",""state"":""IN"",""street"":""7926 Droege Road""}",(555) 480-4114,,,,/services/images/photo/0010U00000zqsJkQAI,,,,,,,,,,0050U000002fKJPQA2,2020-03-12T23:06:14.000+0000,0050U000002fKJPQA2,2020-03-12T23:06:14.000+0000,0050U000002fKJPQA2,2020-03-12T23:06:14.000+0000,,2020-03-12T23:06:14.000+0000,2020-03-12T23:06:14.000+0000,,,,,Pending,,,,,,,,,,,brigid.radick
0010U00000zqsJlQAI,,,Bud Pankey,Customer,,2035 NE Cornelius Pass Road,Hillsboro,OR,97124,USA,,,,"{""city"":""Hillsboro"",""country"":""USA"",""geocodeAccuracy"":null,""latitude"":null,""longitude"":null,""postalCode"":""97124"",""state"":""OR"",""street"":""2035 NE Cornelius Pass Road""}",2035 NE Cornelius Pass Road,Hillsboro,OR,97124,USA,,,,"{""city"":""Hillsboro"",""country"":""USA"",""geocodeAccuracy"":null,""latitude"":null,""longitude"":null,""postalCode"":""97124"",""state"":""OR"",""street"":""2035 NE Cornelius Pass Road""}",(555) 709-9310,,,,/services/images/photo/0010U00000zqsJlQAI,,,,,,,,,,0050U000002fKJPQA2,2020-03-12T23:06:14.000+0000,0050U000002fKJPQA2,2020-03-12T23:06:14.000+0000,0050U000002fKJPQA2,2020-03-12T23:06:14.000+0000,,2020-03-12T23:06:14.000+0000,2020-03-12T23:06:14.000+0000,,,,,Pending,,,,,,,,,,,bud.pankey
0010U00000zqsJmQAI,,,Modesto Marchall,Customer,,23 Browns Lake Road,Helmville,MT,59843,USA,,,,"{""city"":""Helmville"",""country"":""USA"",""geocodeAccuracy"":null,""latitude"":null,""longitude"":null,""postalCode"":""59843"",""state"":""MT"",""street"":""23 Browns Lake Road""}",23 Browns Lake Road,Helmville,MT,59843,USA,,,,"{""city"":""Helmville"",""country"":""USA"",""geocodeAccuracy"":null,""latitude"":null,""longitude"":null,""postalCode"":""59843"",""state"":""MT"",""street"":""23 Browns Lake Road""}",(555) 419-2395,,,,/services/images/photo/0010U00000zqsJmQAI,,,,,,,,,,0050U000002fKJPQA2,2020-03-12T23:06:14.000+0000,0050U000002fKJPQA2,2020-03-12T23:06:14.000+0000,0050U000002fKJPQA2,2020-03-12T23:06:14.000+0000,,2020-03-12T23:06:14.000+0000,2020-03-12T23:06:14.000+0000,,,,,Pending,,,,,,,,,,,modesto.marchall
0010U00000zqsJnQAI,,,Edda Liszewski,Customer,,1541 E 4th St,Casper,WY,82601,USA,,,,"{""city"":""Casper"",""country"":""USA"",""geocodeAccuracy"":null,""latitude"":null,""longitude"":null,""postalCode"":""82601"",""state"":""WY"",""street"":""1541 E 4th St""}",1541 E 4th St,Casper,WY,82601,USA,,,,"{""city"":""Casper"",""country"":""USA"",""geocodeAccuracy"":null,""latitude"":null,""longitude"":null,""postalCode"":""82601"",""state"":""WY"",""street"":""1541 E 4th St""}",(555) 403-2933,,,,/services/images/photo/0010U00000zqsJnQAI,,,,,,,,,,0050U000002fKJPQA2,2020-03-12T23:06:14.000+0000,0050U000002fKJPQA2,2020-03-12T23:06:14.000+0000,0050U000002fKJPQA2,2020-03-12T23:06:14.000+0000,,2020-03-12T23:06:14.000+0000,2020-03-12T23:06:14.000+0000,,,,,Pending,,,,,,,,,,,edda.liszewski
0010U00000zqsJoQAI,,,Geraldo Shoman,Customer,,111 Monument Circle,Indianapolis,IN,46204,USA,,,,"{""city"":""Indianapolis"",""country"":""USA"",""geocodeAccuracy"":null,""latitude"":null,""longitude"":null,""postalCode"":""46204"",""state"":""IN"",""street"":""111 Monument Circle""}",111 Monument Circle,Indianapolis,IN,46204,USA,,,,"{""city"":""Indianapolis"",""country"":""USA"",""geocodeAccuracy"":null,""latitude"":null,""longitude"":null,""postalCode"":""46204"",""state"":""IN"",""street"":""111 Monument Circle""}",(555) 923-5892,,,,/services/images/photo/0010U00000zqsJoQAI,,,,,,,,,,0050U000002fKJPQA2,2020-03-12T23:06:14.000+0000,0050U000002fKJPQA2,2020-03-12T23:06:14.000+0000,0050U000002fKJPQA2,2020-03-12T23:06:14.000+0000,,2020-03-12T23:06:14.000+0000,2020-03-12T23:06:14.000+0000,,,,,Pending,,,,,,,,,,,geraldo.shoman
0010U00000zqsJpQAI,,,Cierra Etchells,Customer,,1012 Grand River Dr NE,Ada,MI,49301,USA,,,,"{""city"":""Ada"",""country"":""USA"",""geocodeAccuracy"":null,""latitude"":null,""longitude"":null,""postalCode"":""49301"",""state"":""MI"",""street"":""1012 Grand River Dr NE""}",1012 Grand River Dr NE,Ada,MI,49301,USA,,,,"{""city"":""Ada"",""country"":""USA"",""geocodeAccuracy"":null,""latitude"":null,""longitude"":null,""postalCode"":""49301"",""state"":""MI"",""street"":""1012 Grand River Dr NE""}",(555) 920-8183,,,,/services/images/photo/0010U00000zqsJpQAI,,,,,,,,,,0050U000002fKJPQA2,2020-03-12T23:06:14.000+0000,0050U000002fKJPQA2,2020-03-12T23:06:14.000+0000,0050U000002fKJPQA2,2020-03-12T23:06:14.000+0000,,2020-03-12T23:06:14.000+0000,2020-03-12T23:06:14.000+0000,,,,,Pending,,,,,,,,,,,cierra.etchells
0010U00000zqsJqQAI,,,Johnetta Fumero,Customer,,300 Spectrum Center Drive,Irvine,CA,92618,USA,,,,"{""city"":""Irvine"",""country"":""USA"",""geocodeAccuracy"":null,""latitude"":null,""longitude"":null,""postalCode"":""92618"",""state"":""CA"",""street"":""300 Spectrum Center Drive""}",300 Spectrum Center Drive,Irvine,CA,92618,USA,,,,"{""city"":""Irvine"",""country"":""USA"",""geocodeAccuracy"":null,""latitude"":null,""longitude"":null,""postalCode"":""92618"",""state"":""CA"",""street"":""300 Spectrum Center Drive""}",(555) 643-2825,,,,/services/images/photo/0010U00000zqsJqQAI,,,,,,,,,,0050U000002fKJPQA2,2020-03-12T23:06:14.000+0000,0050U000002fKJPQA2,2020-03-12T23:06:14.000+0000,0050U000002fKJPQA2,2020-03-12T23:06:14.000+0000,,2020-03-12T23:06:14.000+0000,2020-03-12T23:06:14.000+0000,,,,,Pending,,,,,,,,,,,johnetta.fumero
0010U00000zqsJrQAI,,,Gloria Lampton,Customer,,4766 E Whitmore Ave,Ceres,CA,95307,USA,,,,"{""city"":""Ceres"",""country"":""USA"",""geocodeAccuracy"":null,""latitude"":null,""longitude"":null,""postalCode"":""95307"",""state"":""CA"",""street"":""4766 E Whitmore Ave""}",4766 E Whitmore Ave,Ceres,CA,95307,USA,,,,"{""city"":""Ceres"",""country"":""USA"",""geocodeAccuracy"":null,""latitude"":null,""longitude"":null,""postalCode"":""95307"",""state"":""CA"",""street"":""4766 E Whitmore Ave""}",(555) 848-5965,,,,/services/images/photo/0010U00000zqsJrQAI,,,,,,,,,,0050U000002fKJPQA2,2020-03-12T23:06:14.000+0000,0050U000002fKJPQA2,2020-03-12T23:06:14.000+0000,0050U000002fKJPQA2,2020-03-12T23:06:14.000+0000,,2020-03-12T23:06:14.000+0000,2020-03-12T23:06:14.000+0000,,,,,Pending,,,,,,,,,,,gloria.lampton
0010U00000zqsJsQAI,,,Jacqulyn Okelley,Customer,,4561 Springdale Rd,Millbrook,AL,36054,USA,,,,"{""city"":""Millbrook"",""country"":""USA"",""geocodeAccuracy"":null,""latitude"":null,""longitude"":null,""postalCode"":""36054"",""state"":""AL"",""street"":""4561 Springdale Rd""}",4561 Springdale Rd,Millbrook,AL,36054,USA,,,,"{""city"":""Millbrook"",""country"":""USA"",""geocodeAccuracy"":null,""latitude"":null,""longitude"":null,""postalCode"":""36054"",""state"":""AL"",""street"":""4561 Springdale Rd""}",(555) 251-6700,,,,/services/images/photo/0010U00000zqsJsQAI,,,,,,,,,,0050U000002fKJPQA2,2020-03-12T23:06:14.000+0000,0050U000002fKJPQA2,2020-03-12T23:06:14.000+0000,0050U000002fKJPQA2,2020-03-12T23:06:14.000+0000,,2020-03-12T23:06:14.000+0000,2020-03-12T23:06:14.000+0000,,,,,Pending,,,,,,,,,,,jacqulyn.okelley
0010U00000zqsJtQAI,,,Vergie Simpkin,Customer,,4766 E Whitmore Ave,Ceres,CA,95307,USA,,,,"{""city"":""Ceres"",""country"":""USA"",""geocodeAccuracy"":null,""latitude"":null,""longitude"":null,""postalCode"":""95307"",""state"":""CA"",""street"":""4766 E Whitmore Ave""}",4766 E Whitmore Ave,Ceres,CA,95307,USA,,,,"{""city"":""Ceres"",""country"":""USA"",""geocodeAccuracy"":null,""latitude"":null,""longitude"":null,""postalCode"":""95307"",""state"":""CA"",""street"":""4766 E Whitmore Ave""}",(555) 541-2711,,,,/services/images/photo/0010U00000zqsJtQAI,,,,,,,,,,0050U000002fKJPQA2,2020-03-12T23:06:14.000+0000,0050U000002fKJPQA2,2020-03-12T23:06:14.000+0000,0050U000002fKJPQA2,2020-03-12T23:06:14.000+0000,,2020-03-12T23:06:14.000+0000,2020-03-12T23:06:14.000+0000,,,,,Pending,,,,,,,,,,,vergie.simpkin
0010U00000zqsJuQAI,,,Brooks Cleavenger,Customer,,620 N Westmoreland Rd,DeSoto,TX,75115,USA,,,,"{""city"":""DeSoto"",""country"":""USA"",""geocodeAccuracy"":null,""latitude"":null,""longitude"":null,""postalCode"":""75115"",""state"":""TX"",""street"":""620 N Westmoreland Rd""}",620 N Westmoreland Rd,DeSoto,TX,75115,USA,,,,"{""city"":""DeSoto"",""country"":""USA"",""geocodeAccuracy"":null,""latitude"":null,""longitude"":null,""postalCode"":""75115"",""state"":""TX"",""street"":""620 N Westmoreland Rd""}",(555) 737-5980,,,,/services/images/photo/0010U00000zqsJuQAI,,,,,,,,,,0050U000002fKJPQA2,2020-03-12T23:06:14.000+0000,0050U000002fKJPQA2,2020-03-12T23:06:14.000+0000,0050U000002fKJPQA2,2020-03-12T23:06:14.000+0000,,2020-03-12T23:06:14.000+0000,2020-03-12T23:06:14.000+0000,,,,,Pending,,,,,,,,,,,brooks.cleavenger
0010U00000zqsJvQAI,,,Georgiann Blackson,Customer,,542 Candido Hills,Miles City,MT,59301,USA,,,,"{""city"":""Miles City"",""country"":""USA"",""geocodeAccuracy"":null,""latitude"":null,""longitude"":null,""postalCode"":""59301"",""state"":""MT"",""street"":""542 Candido Hills""}",542 Candido Hills,Miles City,MT,59301,USA,,,,"{""city"":""Miles City"",""country"":""USA"",""geocodeAccuracy"":null,""latitude"":null,""longitude"":null,""postalCode"":""59301"",""state"":""MT"",""street"":""542 Candido Hills""}",(555) 981-3250,,,,/services/images/photo/0010U00000zqsJvQAI,,,,,,,,,,0050U000002fKJPQA2,2020-03-12T23:06:14.000+0000,0050U000002fKJPQA2,2020-03-12T23:06:14.000+0000,0050U000002fKJPQA2,2020-03-12T23:06:14.000+0000,,2020-03-12T23:06:14.000+0000,2020-03-12T23:06:14.000+0000,,,,,Pending,,,,,,,,,,,georgiann.blackson
0010U00000zqsJwQAI,,,Iesha Weinreb,Customer,,1095 Avenue of the Americas,New York,NY,10036,USA,,,,"{""city"":""New York"",""country"":""USA"",""geocodeAccuracy"":null,""latitude"":null,""longitude"":null,""postalCode"":""10036"",""state"":""NY"",""street"":""1095 Avenue of the Americas""}",1095 Avenue of the Americas,New York,NY,10036,USA,,,,"{""city"":""New York"",""country"":""USA"",""geocodeAccuracy"":null,""latitude"":null,""longitude"":null,""postalCode"":""10036"",""state"":""NY"",""street"":""1095 Avenue of the Americas""}",(555) 864-4195,,,,/services/images/photo/0010U00000zqsJwQAI,,,,,,,,,,0050U000002fKJPQA2,2020-03-12T23:06:14.000+0000,0050U000002fKJPQA2,2020-03-12T23:06:14.000+0000,0050U000002fKJPQA2,2020-03-12T23:06:14.000+0000,,2020-03-12T23:06:15.000+0000,2020-03-12T23:06:15.000+0000,,,,,Pending,,,,,,,,,,,iesha.weinreb
0010U00000zqsJxQAI,,,Clare Dymond,Customer,,174 Unnamed Road,Youngstown,FL,32466,USA,,,,"{""city"":""Youngstown"",""country"":""USA"",""geocodeAccuracy"":null,""latitude"":null,""longitude"":null,""postalCode"":""32466"",""state"":""FL"",""street"":""174 Unnamed Road""}",174 Unnamed Road,Youngstown,FL,32466,USA,,,,"{""city"":""Youngstown"",""country"":""USA"",""geocodeAccuracy"":null,""latitude"":null,""longitude"":null,""postalCode"":""32466"",""state"":""FL"",""street"":""174 Unnamed Road""}",(555) 135-9961,,,,/services/images/photo/0010U00000zqsJxQAI,,,,,,,,,,0050U000002fKJPQA2,2020-03-12T23:06:14.000+0000,0050U000002fKJPQA2,2020-03-12T23:06:14.000+0000,0050U000002fKJPQA2,2020-03-12T23:06:14.000+0000,,2020-03-12T23:06:15.000+0000,2020-03-12T23:06:15.000+0000,,,,,Pending,,,,,,,,,,,clare.dymond
0010U00000zqsJyQAI,,,Lu Coggeshall,Customer,,551 Oakdale Rd,Jamestown,NC,27282,USA,,,,"{""city"":""Jamestown"",""country"":""USA"",""geocodeAccuracy"":null,""latitude"":null,""longitude"":null,""postalCode"":""27282"",""state"":""NC"",""street"":""551 Oakdale Rd""}",551 Oakdale Rd,Jamestown,NC,27282,USA,,,,"{""city"":""Jamestown"",""country"":""USA"",""geocodeAccuracy"":null,""latitude"":null,""longitude"":null,""postalCode"":""27282"",""state"":""NC"",""street"":""551 Oakdale Rd""}",(555) 240-7975,,,,/services/images/photo/0010U00000zqsJyQAI,,,,,,,,,,0050U000002fKJPQA2,2020-03-12T23:06:14.000+0000,0050U000002fKJPQA2,2020-03-12T23:06:14.000+0000,0050U000002fKJPQA2,2020-03-12T23:06:14.000+0000,,2020-03-12T23:06:15.000+0000,2020-03-12T23:06:15.000+0000,,,,,Pending,,,,,,,,,,,lu.coggeshall
0010U00000zqsJzQAI,,,Jake Hagans,Customer,,6 Morningview Cir,Lake Oswego,OR,97035,USA,,,,"{""city"":""Lake Oswego"",""country"":""USA"",""geocodeAccuracy"":null,""latitude"":null,""longitude"":null,""postalCode"":""97035"",""state"":""OR"",""street"":""6 Morningview Cir""}",6 Morningview Cir,Lake Oswego,OR,97035,USA,,,,"{""city"":""Lake Oswego"",""country"":""USA"",""geocodeAccuracy"":null,""latitude"":null,""longitude"":null,""postalCode"":""97035"",""state"":""OR"",""street"":""6 Morningview Cir""}",(555) 183-8111,,,,/services/images/photo/0010U00000zqsJzQAI,,,,,,,,,,0050U000002fKJPQA2,2020-03-12T23:06:21.000+0000,0050U000002fKJPQA2,2020-03-12T23:06:21.000+0000,0050U000002fKJPQA2,2020-03-12T23:06:21.000+0000,,2020-03-12T23:06:21.000+0000,2020-03-12T23:06:21.000+0000,,,,,Pending,,,,,,,,,,,jakehagans
0010U00000zqsINQAY,,,Shelby Flad,Customer,,30303 SE Lusted Rd,Gresham,OR,97080,USA,,,,"{""city"":""Gresham"",""country"":""USA"",""geocodeAccuracy"":null,""latitude"":null,""longitude"":null,""postalCode"":""97080"",""state"":""OR"",""street"":""30303 SE Lusted Rd""}",30303 SE Lusted Rd,Gresham,OR,97080,USA,,,,"{""city"":""Gresham"",""country"":""USA"",""geocodeAccuracy"":null,""latitude"":null,""longitude"":null,""postalCode"":""97080"",""state"":""OR"",""street"":""30303 SE Lusted Rd""}",(555) 335-7687,,,,/services/images/photo/0010U00000zqsINQAY,,,,,,,,,,0050U000002fKJPQA2,2020-03-12T23:06:08.000+0000,0050U000002fKJPQA2,2020-03-12T23:06:08.000+0000,0050U000002fKJPQA2,2020-03-12T23:06:08.000+0000,,2020-03-12T23:06:08.000+0000,2020-03-12T23:06:08.000+0000,,,,,Pending,,,,,,,,,,,shelby.flad
0010U00000zqsIOQAY,,,Karan Mortimer,Customer,,111 West Illinois Street,Chicago,IL,60654,USA,,,,"{""city"":""Chicago"",""country"":""USA"",""geocodeAccuracy"":null,""latitude"":null,""longitude"":null,""postalCode"":""60654"",""state"":""IL"",""street"":""111 West Illinois Street""}",111 West Illinois Street,Chicago,IL,60654,USA,,,,"{""city"":""Chicago"",""country"":""USA"",""geocodeAccuracy"":null,""latitude"":null,""longitude"":null,""postalCode"":""60654"",""state"":""IL"",""street"":""111 West Illinois Street""}",(555) 868-5803,,,,/services/images/photo/0010U00000zqsIOQAY,,,,,,,,,,0050U000002fKJPQA2,2020-03-12T23:06:08.000+0000,0050U000002fKJPQA2,2020-03-12T23:06:08.000+0000,0050U000002fKJPQA2,2020-03-12T23:06:08.000+0000,,2020-03-12T23:06:08.000+0000,2020-03-12T23:06:08.000+0000,,,,,Pending,,,,,,,,,,,karan.mortimer
0010U00000zqsIPQAY,,,Noelia Aines,Customer,,5167 Pauline Field,Challis,ID,83226,USA,,,,"{""city"":""Challis"",""country"":""USA"",""geocodeAccuracy"":null,""latitude"":null,""longitude"":null,""postalCode"":""83226"",""state"":""ID"",""street"":""5167 Pauline Field""}",5167 Pauline Field,Challis,ID,83226,USA,,,,"{""city"":""Challis"",""country"":""USA"",""geocodeAccuracy"":null,""latitude"":null,""longitude"":null,""postalCode"":""83226"",""state"":""ID"",""street"":""5167 Pauline Field""}",(555) 714-9674,,,,/services/images/photo/0010U00000zqsIPQAY,,,,,,,,,,0050U000002fKJPQA2,2020-03-12T23:06:08.000+0000,0050U000002fKJPQA2,2020-03-12T23:06:08.000+0000,0050U000002fKJPQA2,2020-03-12T23:06:08.000+0000,,2020-03-12T23:06:08.000+0000,2020-03-12T23:06:08.000+0000,,,,,Pending,,,,,,,,,,,noelia.aines
0010U00000zqsIQQAY,,,Cherlyn Ifft,Customer,,551 Oakdale Rd,Jamestown,NC,27282,USA,,,,"{""city"":""Jamestown"",""country"":""USA"",""geocodeAccuracy"":null,""latitude"":null,""longitude"":null,""postalCode"":""27282"",""state"":""NC"",""street"":""551 Oakdale Rd""}",551 Oakdale Rd,Jamestown,NC,27282,USA,,,,"{""city"":""Jamestown"",""country"":""USA"",""geocodeAccuracy"":null,""latitude"":null,""longitude"":null,""postalCode"":""27282"",""state"":""NC"",""street"":""551 Oakdale Rd""}",(555) 368-1842,,,,/services/images/photo/0010U00000zqsIQQAY,,,,,,,,,,0050U000002fKJPQA2,2020-03-12T23:06:08.000+0000,0050U000002fKJPQA2,2020-03-12T23:06:08.000+0000,0050U000002fKJPQA2,2020-03-12T23:06:08.000+0000,,2020-03-12T23:06:08.000+0000,2020-03-12T23:06:08.000+0000,,,,,Pending,,,,,,,,,,,cherlyn.ifft
0010U00000zqsIRQAY,,,Jazmin Inabinett,Customer,,307 Bentley Manor,Shavano Park,TX,78249,USA,,,,"{""city"":""Shavano Park"",""country"":""USA"",""geocodeAccuracy"":null,""latitude"":null,""longitude"":null,""postalCode"":""78249"",""state"":""TX"",""street"":""307 Bentley Manor""}",307 Bentley Manor,Shavano Park,TX,78249,USA,,,,"{""city"":""Shavano Park"",""country"":""USA"",""geocodeAccuracy"":null,""latitude"":null,""longitude"":null,""postalCode"":""78249"",""state"":""TX"",""street"":""307 Bentley Manor""}",(555) 601-3576,,,,/services/images/photo/0010U00000zqsIRQAY,,,,,,,,,,0050U000002fKJPQA2,2020-03-12T23:06:08.000+0000,0050U000002fKJPQA2,2020-03-12T23:06:08.000+0000,0050U000002fKJPQA2,2020-03-12T23:06:08.000+0000,,2020-03-12T23:06:08.000+0000,2020-03-12T23:06:08.000+0000,,,,,Pending,,,,,,,,,,,jazmin.inabinett
0010U00000zqsISQAY,,,Yasuko Schipper,Customer,,3392 North Huron Road,Tawas City,MI,48763,USA,,,,"{""city"":""Tawas City"",""country"":""USA"",""geocodeAccuracy"":null,""latitude"":null,""longitude"":null,""postalCode"":""48763"",""state"":""MI"",""street"":""3392 North Huron Road""}",3392 North Huron Road,Tawas City,MI,48763,USA,,,,"{""city"":""Tawas City"",""country"":""USA"",""geocodeAccuracy"":null,""latitude"":null,""longitude"":null,""postalCode"":""48763"",""state"":""MI"",""street"":""3392 North Huron Road""}",(555) 692-6218,,,,/services/images/photo/0010U00000zqsISQAY,,,,,,,,,,0050U000002fKJPQA2,2020-03-12T23:06:08.000+0000,0050U000002fKJPQA2,2020-03-12T23:06:08.000+0000,0050U000002fKJPQA2,2020-03-12T23:06:08.000+0000,,2020-03-12T23:06:08.000+0000,2020-03-12T23:06:08.000+0000,,,,,Pending,,,,,,,,,,,yasuko.schipper
0010U00000zqsITQAY,,,Josphine Deahl,Customer,,6 Morningview Cir,Lake Oswego,OR,97035,USA,,,,"{""city"":""Lake Oswego"",""country"":""USA"",""geocodeAccuracy"":null,""latitude"":null,""longitude"":null,""postalCode"":""97035"",""state"":""OR"",""street"":""6 Morningview Cir""}",6 Morningview Cir,Lake Oswego,OR,97035,USA,,,,"{""city"":""Lake Oswego"",""country"":""USA"",""geocodeAccuracy"":null,""latitude"":null,""longitude"":null,""postalCode"":""97035"",""state"":""OR"",""street"":""6 Morningview Cir""}",(555) 342-5128,,,,/services/images/photo/0010U00000zqsITQAY,,,,,,,,,,0050U000002fKJPQA2,2020-03-12T23:06:08.000+0000,0050U000002fKJPQA2,2020-03-12T23:06:08.000+0000,0050U000002fKJPQA2,2020-03-12T23:06:08.000+0000,,2020-03-12T23:06:08.000+0000,2020-03-12T23:06:08.000+0000,,,,,Pending,,,,,,,,,,,josphine.deahl
0010U00000zqsIUQAY,,,Marvis Parenteau,Customer,,658 Gibraltar Ct,Milpitas,CA,95035,USA,,,,"{""city"":""Milpitas"",""country"":""USA"",""geocodeAccuracy"":null,""latitude"":null,""longitude"":null,""postalCode"":""95035"",""state"":""CA"",""street"":""658 Gibraltar Ct""}",658 Gibraltar Ct,Milpitas,CA,95035,USA,,,,"{""city"":""Milpitas"",""country"":""USA"",""geocodeAccuracy"":null,""latitude"":null,""longitude"":null,""postalCode"":""95035"",""state"":""CA"",""street"":""658 Gibraltar Ct""}",(555) 578-9293,,,,/services/images/photo/0010U00000zqsIUQAY,,,,,,,,,,0050U000002fKJPQA2,2020-03-12T23:06:08.000+0000,0050U000002fKJPQA2,2020-03-12T23:06:08.000+0000,0050U000002fKJPQA2,2020-03-12T23:06:08.000+0000,,2020-03-12T23:06:08.000+0000,2020-03-12T23:06:08.000+0000,,,,,Pending,,,,,,,,,,,marvis.parenteau
0010U00000zqsIVQAY,,,Chanell Losinski,Customer,,500 Boylston Street,Boston,MA,02116,USA,,,,"{""city"":""Boston"",""country"":""USA"",""geocodeAccuracy"":null,""latitude"":null,""longitude"":null,""postalCode"":""02116"",""state"":""MA"",""street"":""500 Boylston Street""}",500 Boylston Street,Boston,MA,02116,USA,,,,"{""city"":""Boston"",""country"":""USA"",""geocodeAccuracy"":null,""latitude"":null,""longitude"":null,""postalCode"":""02116"",""state"":""MA"",""street"":""500 Boylston Street""}",(555) 327-4986,,,,/services/images/photo/0010U00000zqsIVQAY,,,,,,,,,,0050U000002fKJPQA2,2020-03-12T23:06:08.000+0000,0050U000002fKJPQA2,2020-03-12T23:06:08.000+0000,0050U000002fKJPQA2,2020-03-12T23:06:08.000+0000,,2020-03-12T23:06:08.000+0000,2020-03-12T23:06:08.000+0000,,,,,Pending,,,,,,,,,,,chanell.losinski
0010U00000zqsIWQAY,,,Jule Dunham,Customer,,10105 Propps St NE,Albuquerque,NM,87112,USA,,,,"{""city"":""Albuquerque"",""country"":""USA"",""geocodeAccuracy"":null,""latitude"":null,""longitude"":null,""postalCode"":""87112"",""state"":""NM"",""street"":""10105 Propps St NE""}",10105 Propps St NE,Albuquerque,NM,87112,USA,,,,"{""city"":""Albuquerque"",""country"":""USA"",""geocodeAccuracy"":null,""latitude"":null,""longitude"":null,""postalCode"":""87112"",""state"":""NM"",""street"":""10105 Propps St NE""}",(555) 793-3002,,,,/services/images/photo/0010U00000zqsIWQAY,,,,,,,,,,0050U000002fKJPQA2,2020-03-12T23:06:08.000+0000,0050U000002fKJPQA2,2020-03-12T23:06:08.000+0000,0050U000002fKJPQA2,2020-03-12T23:06:08.000+0000,,2020-03-12T23:06:08.000+0000,2020-03-12T23:06:08.000+0000,,,,,Pending,,,,,,,,,,,jule.dunham
0010U00000zqsIXQAY,,,Venita Fraccola,Customer,,929 108th Ave NE,Bellevue,WA,98004,USA,,,,"{""city"":""Bellevue"",""country"":""USA"",""geocodeAccuracy"":null,""latitude"":null,""longitude"":null,""postalCode"":""98004"",""state"":""WA"",""street"":""929 108th Ave NE""}",929 108th Ave NE,Bellevue,WA,98004,USA,,,,"{""city"":""Bellevue"",""country"":""USA"",""geocodeAccuracy"":null,""latitude"":null,""longitude"":null,""postalCode"":""98004"",""state"":""WA"",""street"":""929 108th Ave NE""}",(555) 759-1183,,,,/services/images/photo/0010U00000zqsIXQAY,,,,,,,,,,0050U000002fKJPQA2,2020-03-12T23:06:08.000+0000,0050U000002fKJPQA2,2020-03-12T23:06:08.000+0000,0050U000002fKJPQA2,2020-03-12T23:06:08.000+0000,,2020-03-12T23:06:08.000+0000,2020-03-12T23:06:08.000+0000,,,,,Pending,,,,,,,,,,,venita.fraccola
0010U00000zqsIYQAY,,,Isela Powelson,Customer,,23 Browns Lake Road,Helmville,MT,59843,USA,,,,"{""city"":""Helmville"",""country"":""USA"",""geocodeAccuracy"":null,""latitude"":null,""longitude"":null,""postalCode"":""59843"",""state"":""MT"",""street"":""23 Browns Lake Road""}",23 Browns Lake Road,Helmville,MT,59843,USA,,,,"{""city"":""Helmville"",""country"":""USA"",""geocodeAccuracy"":null,""latitude"":null,""longitude"":null,""postalCode"":""59843"",""state"":""MT"",""street"":""23 Browns Lake Road""}",(555) 936-5939,,,,/services/images/photo/0010U00000zqsIYQAY,,,,,,,,,,0050U000002fKJPQA2,2020-03-12T23:06:08.000+0000,0050U000002fKJPQA2,2020-03-12T23:06:08.000+0000,0050U000002fKJPQA2,2020-03-12T23:06:08.000+0000,,2020-03-12T23:06:08.000+0000,2020-03-12T23:06:08.000+0000,,,,,Pending,,,,,,,,,,,isela.powelson
0010U00000zqsIZQAY,,,Emilie Faulconer,Customer,,307 Bentley Manor,Shavano Park,TX,78249,USA,,,,"{""city"":""Shavano Park"",""country"":""USA"",""geocodeAccuracy"":null,""latitude"":null,""longitude"":null,""postalCode"":""78249"",""state"":""TX"",""street"":""307 Bentley Manor""}",307 Bentley Manor,Shavano Park,TX,78249,USA,,,,"{""city"":""Shavano Park"",""country"":""USA"",""geocodeAccuracy"":null,""latitude"":null,""longitude"":null,""postalCode"":""78249"",""state"":""TX"",""street"":""307 Bentley Manor""}",(555) 775-3727,,,,/services/images/photo/0010U00000zqsIZQAY,,,,,,,,,,0050U000002fKJPQA2,2020-03-12T23:06:08.000+0000,0050U000002fKJPQA2,2020-03-12T23:06:08.000+0000,0050U000002fKJPQA2,2020-03-12T23:06:08.000+0000,,2020-03-12T23:06:08.000+0000,2020-03-12T23:06:08.000+0000,,,,,Pending,,,,,,,,,,,emilie.faulconer
0010U00000zqsIaQAI,,,Bunny Rieder,Customer,,2550 Wasser Terrace,Herndon,VA,20171,USA,,,,"{""city"":""Herndon"",""country"":""USA"",""geocodeAccuracy"":null,""latitude"":null,""longitude"":null,""postalCode"":""20171"",""state"":""VA"",""street"":""2550 Wasser Terrace""}",2550 Wasser Terrace,Herndon,VA,20171,USA,,,,"{""city"":""Herndon"",""country"":""USA"",""geocodeAccuracy"":null,""latitude"":null,""longitude"":null,""postalCode"":""20171"",""state"":""VA"",""street"":""2550 Wasser Terrace""}",(555) 915-1662,,,,/services/images/photo/0010U00000zqsIaQAI,,,,,,,,,,0050U000002fKJPQA2,2020-03-12T23:06:08.000+0000,0050U000002fKJPQA2,2020-03-12T23:06:08.000+0000,0050U000002fKJPQA2,2020-03-12T23:06:08.000+0000,,2020-03-12T23:06:08.000+0000,2020-03-12T23:06:08.000+0000,,,,,Pending,,,,,,,,,,,bunny.rieder
0010U00000zqsIbQAI,,,Rosetta Bisso,Customer,,174 Unnamed Road,Youngstown,FL,32466,USA,,,,"{""city"":""Youngstown"",""country"":""USA"",""geocodeAccuracy"":null,""latitude"":null,""longitude"":null,""postalCode"":""32466"",""state"":""FL"",""street"":""174 Unnamed Road""}",174 Unnamed Road,Youngstown,FL,32466,USA,,,,"{""city"":""Youngstown"",""country"":""USA"",""geocodeAccuracy"":null,""latitude"":null,""longitude"":null,""postalCode"":""32466"",""state"":""FL"",""street"":""174 Unnamed Road""}",(555) 221-4535,,,,/services/images/photo/0010U00000zqsIbQAI,,,,,,,,,,0050U000002fKJPQA2,2020-03-12T23:06:08.000+0000,0050U000002fKJPQA2,2020-03-12T23:06:08.000+0000,0050U000002fKJPQA2,2020-03-12T23:06:08.000+0000,,2020-03-12T23:06:08.000+0000,2020-03-12T23:06:08.000+0000,,,,,Pending,,,,,,,,,,,rosetta.bisso
0010U00000zqsIcQAI,,,Yukiko Abusufait,Customer,,7926 Droege Road,Decatur,IN,46733,USA,,,,"{""city"":""Decatur"",""country"":""USA"",""geocodeAccuracy"":null,""latitude"":null,""longitude"":null,""postalCode"":""46733"",""state"":""IN"",""street"":""7926 Droege Road""}",7926 Droege Road,Decatur,IN,46733,USA,,,,"{""city"":""Decatur"",""country"":""USA"",""geocodeAccuracy"":null,""latitude"":null,""longitude"":null,""postalCode"":""46733"",""state"":""IN"",""street"":""7926 Droege Road""}",(555) 619-5126,,,,/services/images/photo/0010U00000zqsIcQAI,,,,,,,,,,0050U000002fKJPQA2,2020-03-12T23:06:08.000+0000,0050U000002fKJPQA2,2020-03-12T23:06:08.000+0000,0050U000002fKJPQA2,2020-03-12T23:06:08.000+0000,,2020-03-12T23:06:08.000+0000,2020-03-12T23:06:08.000+0000,,,,,Pending,,,,,,,,,,,yukiko.abusufait
0010U00000zqsIdQAI,,,Emmitt Leek,Customer,,23 Browns Lake Road,Helmville,MT,59843,USA,,,,"{""city"":""Helmville"",""country"":""USA"",""geocodeAccuracy"":null,""latitude"":null,""longitude"":null,""postalCode"":""59843"",""state"":""MT"",""street"":""23 Browns Lake Road""}",23 Browns Lake Road,Helmville,MT,59843,USA,,,,"{""city"":""Helmville"",""country"":""USA"",""geocodeAccuracy"":null,""latitude"":null,""longitude"":null,""postalCode"":""59843"",""state"":""MT"",""street"":""23 Browns Lake Road""}",(555) 942-9818,,,,/services/images/photo/0010U00000zqsIdQAI,,,,,,,,,,0050U000002fKJPQA2,2020-03-12T23:06:08.000+0000,0050U000002fKJPQA2,2020-03-12T23:06:08.000+0000,0050U000002fKJPQA2,2020-03-12T23:06:08.000+0000,,2020-03-12T23:06:08.000+0000,2020-03-12T23:06:08.000+0000,,,,,Pending,,,,,,,,,,,emmitt.leek
0010U00000zqsIeQAI,,,Boris Maloy,Customer,,22655 Fairfield Rd,St Augusta,MN,56301,USA,,,,"{""city"":""St Augusta"",""country"":""USA"",""geocodeAccuracy"":null,""latitude"":null,""longitude"":null,""postalCode"":""56301"",""state"":""MN"",""street"":""22655 Fairfield Rd""}",22655 Fairfield Rd,St Augusta,MN,56301,USA,,,,"{""city"":""St Augusta"",""country"":""USA"",""geocodeAccuracy"":null,""latitude"":null,""longitude"":null,""postalCode"":""56301"",""state"":""MN"",""street"":""22655 Fairfield Rd""}",(555) 333-9112,,,,/services/images/photo/0010U00000zqsIeQAI,,,,,,,,,,0050U000002fKJPQA2,2020-03-12T23:06:08.000+0000,0050U000002fKJPQA2,2020-03-12T23:06:08.000+0000,0050U000002fKJPQA2,2020-03-12T23:06:08.000+0000,,2020-03-12T23:06:08.000+0000,2020-03-12T23:06:08.000+0000,,,,,Pending,,,,,,,,,,,boris.maloy
0010U00000zqsIfQAI,,,Denisha Collister,Customer,,174 Unnamed Road,Youngstown,FL,32466,USA,,,,"{""city"":""Youngstown"",""country"":""USA"",""geocodeAccuracy"":null,""latitude"":null,""longitude"":null,""postalCode"":""32466"",""state"":""FL"",""street"":""174 Unnamed Road""}",174 Unnamed Road,Youngstown,FL,32466,USA,,,,"{""city"":""Youngstown"",""country"":""USA"",""geocodeAccuracy"":null,""latitude"":null,""longitude"":null,""postalCode"":""32466"",""state"":""FL"",""street"":""174 Unnamed Road""}",(555) 473-9301,,,,/services/images/photo/0010U00000zqsIfQAI,,,,,,,,,,0050U000002fKJPQA2,2020-03-12T23:06:08.000+0000,0050U000002fKJPQA2,2020-03-12T23:06:08.000+0000,0050U000002fKJPQA2,2020-03-12T23:06:08.000+0000,,2020-03-12T23:06:08.000+0000,2020-03-12T23:06:08.000+0000,,,,,Pending,,,,,,,,,,,denisha.collister
0010U00000zqsIgQAI,,,Rozanne Bulwinkle,Customer,,300 Spectrum Center Drive,Irvine,CA,92618,USA,,,,"{""city"":""Irvine"",""country"":""USA"",""geocodeAccuracy"":null,""latitude"":null,""longitude"":null,""postalCode"":""92618"",""state"":""CA"",""street"":""300 Spectrum Center Drive""}",300 Spectrum Center Drive,Irvine,CA,92618,USA,,,,"{""city"":""Irvine"",""country"":""USA"",""geocodeAccuracy"":null,""latitude"":null,""longitude"":null,""postalCode"":""92618"",""state"":""CA"",""street"":""300 Spectrum Center Drive""}",(555) 835-7879,,,,/services/images/photo/0010U00000zqsIgQAI,,,,,,,,,,0050U000002fKJPQA2,2020-03-12T23:06:08.000+0000,0050U000002fKJPQA2,2020-03-12T23:06:08.000+0000,0050U000002fKJPQA2,2020-03-12T23:06:08.000+0000,,2020-03-12T23:06:08.000+0000,2020-03-12T23:06:08.000+0000,,,,,Pending,,,,,,,,,,,rozanne.bulwinkle
0010U00000zqsIhQAI,,,Shandi Richey,Customer,,6 Morningview Cir,Lake Oswego,OR,97035,USA,,,,"{""city"":""Lake Oswego"",""country"":""USA"",""geocodeAccuracy"":null,""latitude"":null,""longitude"":null,""postalCode"":""97035"",""state"":""OR"",""street"":""6 Morningview Cir""}",6 Morningview Cir,Lake Oswego,OR,97035,USA,,,,"{""city"":""Lake Oswego"",""country"":""USA"",""geocodeAccuracy"":null,""latitude"":null,""longitude"":null,""postalCode"":""97035"",""state"":""OR"",""street"":""6 Morningview Cir""}",(555) 160-6874,,,,/services/images/photo/0010U00000zqsIhQAI,,,,,,,,,,0050U000002fKJPQA2,2020-03-12T23:06:08.000+0000,0050U000002fKJPQA2,2020-03-12T23:06:08.000+0000,0050U000002fKJPQA2,2020-03-12T23:06:08.000+0000,,2020-03-12T23:06:08.000+0000,2020-03-12T23:06:08.000+0000,,,,,Pending,,,,,,,,,,,shandi.richey
0010U00000zqsIiQAI,,,Mitch Roessner,Customer,,1095 Avenue of the Americas,New York,NY,10036,USA,,,,"{""city"":""New York"",""country"":""USA"",""geocodeAccuracy"":null,""latitude"":null,""longitude"":null,""postalCode"":""10036"",""state"":""NY"",""street"":""1095 Avenue of the Americas""}",1095 Avenue of the Americas,New York,NY,10036,USA,,,,"{""city"":""New York"",""country"":""USA"",""geocodeAccuracy"":null,""latitude"":null,""longitude"":null,""postalCode"":""10036"",""state"":""NY"",""street"":""1095 Avenue of the Americas""}",(555) 960-7829,,,,/services/images/photo/0010U00000zqsIiQAI,,,,,,,,,,0050U000002fKJPQA2,2020-03-12T23:06:08.000+0000,0050U000002fKJPQA2,2020-03-12T23:06:08.000+0000,0050U000002fKJPQA2,2020-03-12T23:06:08.000+0000,,2020-03-12T23:06:08.000+0000,2020-03-12T23:06:08.000+0000,,,,,Pending,,,,,,,,,,,mitch.roessner
0010U00000zqsIjQAI,,,Leda Moehr,Customer,,10 Bay Street,Toronto,ON,M5J 2R8,Canada,,,,"{""city"":""Toronto"",""country"":""Canada"",""geocodeAccuracy"":null,""latitude"":null,""longitude"":null,""postalCode"":""M5J 2R8"",""state"":""ON"",""street"":""10 Bay Street""}",10 Bay Street,Toronto,ON,M5J 2R8,Canada,,,,"{""city"":""Toronto"",""country"":""Canada"",""geocodeAccuracy"":null,""latitude"":null,""longitude"":null,""postalCode"":""M5J 2R8"",""state"":""ON"",""street"":""10 Bay Street""}",(555) 166-8894,,,,/services/images/photo/0010U00000zqsIjQAI,,,,,,,,,,0050U000002fKJPQA2,2020-03-12T23:06:08.000+0000,0050U000002fKJPQA2,2020-03-12T23:06:08.000+0000,0050U000002fKJPQA2,2020-03-12T23:06:08.000+0000,,2020-03-12T23:06:08.000+0000,2020-03-12T23:06:08.000+0000,,,,,Pending,,,,,,,,,,,leda.moehr
0010U00000zqsIkQAI,,,Benito Sajous,Customer,,1012 Grand River Dr NE,Ada,MI,49301,USA,,,,"{""city"":""Ada"",""country"":""USA"",""geocodeAccuracy"":null,""latitude"":null,""longitude"":null,""postalCode"":""49301"",""state"":""MI"",""street"":""1012 Grand River Dr NE""}",1012 Grand River Dr NE,Ada,MI,49301,USA,,,,"{""city"":""Ada"",""country"":""USA"",""geocodeAccuracy"":null,""latitude"":null,""longitude"":null,""postalCode"":""49301"",""state"":""MI"",""street"":""1012 Grand River Dr NE""}",(555) 755-5088,,,,/services/images/photo/0010U00000zqsIkQAI,,,,,,,,,,0050U000002fKJPQA2,2020-03-12T23:06:08.000+0000,0050U000002fKJPQA2,2020-03-12T23:06:08.000+0000,0050U000002fKJPQA2,2020-03-12T23:06:08.000+0000,,2020-03-12T23:06:08.000+0000,2020-03-12T23:06:08.000+0000,,,,,Pending,,,,,,,,,,,benito.sajous
0010U00000zqsIlQAI,,,Stuart Poster,Customer,,1442 2nd Street,Santa Monica,CA,90401,USA,,,,"{""city"":""Santa Monica"",""country"":""USA"",""geocodeAccuracy"":null,""latitude"":null,""longitude"":null,""postalCode"":""90401"",""state"":""CA"",""street"":""1442 2nd Street""}",1442 2nd Street,Santa Monica,CA,90401,USA,,,,"{""city"":""Santa Monica"",""country"":""USA"",""geocodeAccuracy"":null,""latitude"":null,""longitude"":null,""postalCode"":""90401"",""state"":""CA"",""street"":""1442 2nd Street""}",(555) 180-6097,,,,/services/images/photo/0010U00000zqsIlQAI,,,,,,,,,,0050U000002fKJPQA2,2020-03-12T23:06:08.000+0000,0050U000002fKJPQA2,2020-03-12T23:06:08.000+0000,0050U000002fKJPQA2,2020-03-12T23:06:08.000+0000,,2020-03-12T23:06:08.000+0000,2020-03-12T23:06:08.000+0000,,,,,Pending,,,,,,,,,,,stuart.poster
0010U00000zqsImQAI,,,Lasonya Kudro,Customer,,400 Grant Ave,Duquesne,PA,15110,USA,,,,"{""city"":""Duquesne"",""country"":""USA"",""geocodeAccuracy"":null,""latitude"":null,""longitude"":null,""postalCode"":""15110"",""state"":""PA"",""street"":""400 Grant Ave""}",400 Grant Ave,Duquesne,PA,15110,USA,,,,"{""city"":""Duquesne"",""country"":""USA"",""geocodeAccuracy"":null,""latitude"":null,""longitude"":null,""postalCode"":""15110"",""state"":""PA"",""street"":""400 Grant Ave""}",(555) 626-8618,,,,/services/images/photo/0010U00000zqsImQAI,,,,,,,,,,0050U000002fKJPQA2,2020-03-12T23:06:08.000+0000,0050U000002fKJPQA2,2020-03-12T23:06:08.000+0000,0050U000002fKJPQA2,2020-03-12T23:06:08.000+0000,,2020-03-12T23:06:08.000+0000,2020-03-12T23:06:08.000+0000,,,,,Pending,,,,,,,,,,,lasonya.kudro
0010U00000zqsInQAI,,,Cedrick Scachette,Customer,,23 Browns Lake Road,Helmville,MT,59843,USA,,,,"{""city"":""Helmville"",""country"":""USA"",""geocodeAccuracy"":null,""latitude"":null,""longitude"":null,""postalCode"":""59843"",""state"":""MT"",""street"":""23 Browns Lake Road""}",23 Browns Lake Road,Helmville,MT,59843,USA,,,,"{""city"":""Helmville"",""country"":""USA"",""geocodeAccuracy"":null,""latitude"":null,""longitude"":null,""postalCode"":""59843"",""state"":""MT"",""street"":""23 Browns Lake Road""}",(555) 556-4500,,,,/services/images/photo/0010U00000zqsInQAI,,,,,,,,,,0050U000002fKJPQA2,2020-03-12T23:06:08.000+0000,0050U000002fKJPQA2,2020-03-12T23:06:08.000+0000,0050U000002fKJPQA2,2020-03-12T23:06:08.000+0000,,2020-03-12T23:06:08.000+0000,2020-03-12T23:06:08.000+0000,,,,,Pending,,,,,,,,,,,cedrick.scachette
0010U00000zqsIoQAI,,,Eusebia Zelaya,Customer,,6010 London Dr,Sunset Valley,TX,78745,USA,,,,"{""city"":""Sunset Valley"",""country"":""USA"",""geocodeAccuracy"":null,""latitude"":null,""longitude"":null,""postalCode"":""78745"",""state"":""TX"",""street"":""6010 London Dr""}",6010 London Dr,Sunset Valley,TX,78745,USA,,,,"{""city"":""Sunset Valley"",""country"":""USA"",""geocodeAccuracy"":null,""latitude"":null,""longitude"":null,""postalCode"":""78745"",""state"":""TX"",""street"":""6010 London Dr""}",(555) 491-8410,,,,/services/images/photo/0010U00000zqsIoQAI,,,,,,,,,,0050U000002fKJPQA2,2020-03-12T23:06:08.000+0000,0050U000002fKJPQA2,2020-03-12T23:06:08.000+0000,0050U000002fKJPQA2,2020-03-12T23:06:08.000+0000,,2020-03-12T23:06:08.000+0000,2020-03-12T23:06:08.000+0000,,,,,Pending,,,,,,,,,,,eusebia.zelaya
0010U00000zqsIpQAI,,,Gwyneth Trocchio,Customer,,541 SW Georgetown Way,Beaverton,OR,97006,USA,,,,"{""city"":""Beaverton"",""country"":""USA"",""geocodeAccuracy"":null,""latitude"":null,""longitude"":null,""postalCode"":""97006"",""state"":""OR"",""street"":""541 SW Georgetown Way""}",541 SW Georgetown Way,Beaverton,OR,97006,USA,,,,"{""city"":""Beaverton"",""country"":""USA"",""geocodeAccuracy"":null,""latitude"":null,""longitude"":null,""postalCode"":""97006"",""state"":""OR"",""street"":""541 SW Georgetown Way""}",(555) 608-7988,,,,/services/images/photo/0010U00000zqsIpQAI,,,,,,,,,,0050U000002fKJPQA2,2020-03-12T23:06:08.000+0000,0050U000002fKJPQA2,2020-03-12T23:06:08.000+0000,0050U000002fKJPQA2,2020-03-12T23:06:08.000+0000,,2020-03-12T23:06:08.000+0000,2020-03-12T23:06:08.000+0000,,,,,Pending,,,,,,,,,,,gwyneth.trocchio
0010U00000zqsIqQAI,,,Sherry Yeates,Customer,,4561 Springdale Rd,Millbrook,AL,36054,USA,,,,"{""city"":""Millbrook"",""country"":""USA"",""geocodeAccuracy"":null,""latitude"":null,""longitude"":null,""postalCode"":""36054"",""state"":""AL"",""street"":""4561 Springdale Rd""}",4561 Springdale Rd,Millbrook,AL,36054,USA,,,,"{""city"":""Millbrook"",""country"":""USA"",""geocodeAccuracy"":null,""latitude"":null,""longitude"":null,""postalCode"":""36054"",""state"":""AL"",""street"":""4561 Springdale Rd""}",(555) 396-5398,,,,/services/images/photo/0010U00000zqsIqQAI,,,,,,,,,,0050U000002fKJPQA2,2020-03-12T23:06:08.000+0000,0050U000002fKJPQA2,2020-03-12T23:06:08.000+0000,0050U000002fKJPQA2,2020-03-12T23:06:08.000+0000,,2020-03-12T23:06:08.000+0000,2020-03-12T23:06:08.000+0000,,,,,Pending,,,,,,,,,,,sherry.yeates
0010U00000zqsIrQAI,,,Kathaleen Fanjoy,Customer,,2084 Waelchi Road,Denton,MT,59430,USA,,,,"{""city"":""Denton"",""country"":""USA"",""geocodeAccuracy"":null,""latitude"":null,""longitude"":null,""postalCode"":""59430"",""state"":""MT"",""street"":""2084 Waelchi Road""}",2084 Waelchi Road,Denton,MT,59430,USA,,,,"{""city"":""Denton"",""country"":""USA"",""geocodeAccuracy"":null,""latitude"":null,""longitude"":null,""postalCode"":""59430"",""state"":""MT"",""street"":""2084 Waelchi Road""}",(555) 861-1901,,,,/services/images/photo/0010U00000zqsIrQAI,,,,,,,,,,0050U000002fKJPQA2,2020-03-12T23:06:08.000+0000,0050U000002fKJPQA2,2020-03-12T23:06:08.000+0000,0050U000002fKJPQA2,2020-03-12T23:06:08.000+0000,,2020-03-12T23:06:08.000+0000,2020-03-12T23:06:08.000+0000,,,,,Pending,,,,,,,,,,,kathaleen.fanjoy
0010U00000zqsIsQAI,,,Mack Pendl,Customer,,1012 Grand River Dr NE,Ada,MI,49301,USA,,,,"{""city"":""Ada"",""country"":""USA"",""geocodeAccuracy"":null,""latitude"":null,""longitude"":null,""postalCode"":""49301"",""state"":""MI"",""street"":""1012 Grand River Dr NE""}",1012 Grand River Dr NE,Ada,MI,49301,USA,,,,"{""city"":""Ada"",""country"":""USA"",""geocodeAccuracy"":null,""latitude"":null,""longitude"":null,""postalCode"":""49301"",""state"":""MI"",""street"":""1012 Grand River Dr NE""}",(555) 338-3738,,,,/services/images/photo/0010U00000zqsIsQAI,,,,,,,,,,0050U000002fKJPQA2,2020-03-12T23:06:08.000+0000,0050U000002fKJPQA2,2020-03-12T23:06:08.000+0000,0050U000002fKJPQA2,2020-03-12T23:06:08.000+0000,,2020-03-12T23:06:08.000+0000,2020-03-12T23:06:08.000+0000,,,,,Pending,,,,,,,,,,,mack.pendl
0010U00000zqsItQAI,,,Yelena Rona,Customer,,145 County Road 88,Guffey,CO,80820,USA,,,,"{""city"":""Guffey"",""country"":""USA"",""geocodeAccuracy"":null,""latitude"":null,""longitude"":null,""postalCode"":""80820"",""state"":""CO"",""street"":""145 County Road 88""}",145 County Road 88,Guffey,CO,80820,USA,,,,"{""city"":""Guffey"",""country"":""USA"",""geocodeAccuracy"":null,""latitude"":null,""longitude"":null,""postalCode"":""80820"",""state"":""CO"",""street"":""145 County Road 88""}",(555) 741-7336,,,,/services/images/photo/0010U00000zqsItQAI,,,,,,,,,,0050U000002fKJPQA2,2020-03-12T23:06:08.000+0000,0050U000002fKJPQA2,2020-03-12T23:06:08.000+0000,0050U000002fKJPQA2,2020-03-12T23:06:08.000+0000,,2020-03-12T23:06:08.000+0000,2020-03-12T23:06:08.000+0000,,,,,Pending,,,,,,,,,,,yelena.rona
0010U00000zqsIuQAI,,,Simon Suns,Customer,,3392 North Huron Road,Tawas City,MI,48763,USA,,,,"{""city"":""Tawas City"",""country"":""USA"",""geocodeAccuracy"":null,""latitude"":null,""longitude"":null,""postalCode"":""48763"",""state"":""MI"",""street"":""3392 North Huron Road""}",3392 North Huron Road,Tawas City,MI,48763,USA,,,,"{""city"":""Tawas City"",""country"":""USA"",""geocodeAccuracy"":null,""latitude"":null,""longitude"":null,""postalCode"":""48763"",""state"":""MI"",""street"":""3392 North Huron Road""}",(555) 223-2466,,,,/services/images/photo/0010U00000zqsIuQAI,,,,,,,,,,0050U000002fKJPQA2,2020-03-12T23:06:08.000+0000,0050U000002fKJPQA2,2020-03-12T23:06:08.000+0000,0050U000002fKJPQA2,2020-03-12T23:06:08.000+0000,,2020-03-12T23:06:08.000+0000,2020-03-12T23:06:08.000+0000,,,,,Pending,,,,,,,,,,,simon.suns
0010U00000zqsIvQAI,,,Dahlia Zeise,Customer,,2084 Waelchi Road,Denton,MT,59430,USA,,,,"{""city"":""Denton"",""country"":""USA"",""geocodeAccuracy"":null,""latitude"":null,""longitude"":null,""postalCode"":""59430"",""state"":""MT"",""street"":""2084 Waelchi Road""}",2084 Waelchi Road,Denton,MT,59430,USA,,,,"{""city"":""Denton"",""country"":""USA"",""geocodeAccuracy"":null,""latitude"":null,""longitude"":null,""postalCode"":""59430"",""state"":""MT"",""street"":""2084 Waelchi Road""}",(555) 356-7098,,,,/services/images/photo/0010U00000zqsIvQAI,,,,,,,,,,0050U000002fKJPQA2,2020-03-12T23:06:08.000+0000,0050U000002fKJPQA2,2020-03-12T23:06:08.000+0000,0050U000002fKJPQA2,2020-03-12T23:06:08.000+0000,,2020-03-12T23:06:08.000+0000,2020-03-12T23:06:08.000+0000,,,,,Pending,,,,,,,,,,,dahlia.zeise
0010U00000zqsIwQAI,,,Norine Coppernoll,Customer,,361 Centennial Parkway,Louisville,CO,80027,USA,,,,"{""city"":""Louisville"",""country"":""USA"",""geocodeAccuracy"":null,""latitude"":null,""longitude"":null,""postalCode"":""80027"",""state"":""CO"",""street"":""361 Centennial Parkway""}",361 Centennial Parkway,Louisville,CO,80027,USA,,,,"{""city"":""Louisville"",""country"":""USA"",""geocodeAccuracy"":null,""latitude"":null,""longitude"":null,""postalCode"":""80027"",""state"":""CO"",""street"":""361 Centennial Parkway""}",(555) 262-7287,,,,/services/images/photo/0010U00000zqsIwQAI,,,,,,,,,,0050U000002fKJPQA2,2020-03-12T23:06:08.000+0000,0050U000002fKJPQA2,2020-03-12T23:06:08.000+0000,0050U000002fKJPQA2,2020-03-12T23:06:08.000+0000,,2020-03-12T23:06:08.000+0000,2020-03-12T23:06:08.000+0000,,,,,Pending,,,,,,,,,,,norine.coppernoll
0010U00000zqsIxQAI,,,Pat Stepanek,Customer,,22655 Fairfield Rd,St Augusta,MN,56301,USA,,,,"{""city"":""St Augusta"",""country"":""USA"",""geocodeAccuracy"":null,""latitude"":null,""longitude"":null,""postalCode"":""56301"",""state"":""MN"",""street"":""22655 Fairfield Rd""}",22655 Fairfield Rd,St Augusta,MN,56301,USA,,,,"{""city"":""St Augusta"",""country"":""USA"",""geocodeAccuracy"":null,""latitude"":null,""longitude"":null,""postalCode"":""56301"",""state"":""MN"",""street"":""22655 Fairfield Rd""}",(555) 518-9612,,,,/services/images/photo/0010U00000zqsIxQAI,,,,,,,,,,0050U000002fKJPQA2,2020-03-12T23:06:08.000+0000,0050U000002fKJPQA2,2020-03-12T23:06:08.000+0000,0050U000002fKJPQA2,2020-03-12T23:06:08.000+0000,,2020-03-12T23:06:08.000+0000,2020-03-12T23:06:08.000+0000,,,,,Pending,,,,,,,,,,,pat.stepanek
0010U00000zqsIyQAI,,,Lakendra Ingegneri,Customer,,2035 NE Cornelius Pass Road,Hillsboro,OR,97124,USA,,,,"{""city"":""Hillsboro"",""country"":""USA"",""geocodeAccuracy"":null,""latitude"":null,""longitude"":null,""postalCode"":""97124"",""state"":""OR"",""street"":""2035 NE Cornelius Pass Road""}",2035 NE Cornelius Pass Road,Hillsboro,OR,97124,USA,,,,"{""city"":""Hillsboro"",""country"":""USA"",""geocodeAccuracy"":null,""latitude"":null,""longitude"":null,""postalCode"":""97124"",""state"":""OR"",""street"":""2035 NE Cornelius Pass Road""}",(555) 255-8441,,,,/services/images/photo/0010U00000zqsIyQAI,,,,,,,,,,0050U000002fKJPQA2,2020-03-12T23:06:08.000+0000,0050U000002fKJPQA2,2020-03-12T23:06:08.000+0000,0050U000002fKJPQA2,2020-03-12T23:06:08.000+0000,,2020-03-12T23:06:08.000+0000,2020-03-12T23:06:08.000+0000,,,,,Pending,,,,,,,,,,,lakendra.ingegneri
0010U00000zqsIzQAI,,,Natividad Blume,Customer,,4766 E Whitmore Ave,Ceres,CA,95307,USA,,,,"{""city"":""Ceres"",""country"":""USA"",""geocodeAccuracy"":null,""latitude"":null,""longitude"":null,""postalCode"":""95307"",""state"":""CA"",""street"":""4766 E Whitmore Ave""}",4766 E Whitmore Ave,Ceres,CA,95307,USA,,,,"{""city"":""Ceres"",""country"":""USA"",""geocodeAccuracy"":null,""latitude"":null,""longitude"":null,""postalCode"":""95307"",""state"":""CA"",""street"":""4766 E Whitmore Ave""}",(555) 985-7814,,,,/services/images/photo/0010U00000zqsIzQAI,,,,,,,,,,0050U000002fKJPQA2,2020-03-12T23:06:08.000+0000,0050U000002fKJPQA2,2020-03-12T23:06:08.000+0000,0050U000002fKJPQA2,2020-03-12T23:06:08.000+0000,,2020-03-12T23:06:08.000+0000,2020-03-12T23:06:08.000+0000,,,,,Pending,,,,,,,,,,,natividad.blume
0010U00000zqsJ0QAI,,,Carina Sladky,Customer,,4301 West Boy Scout Blvd,Tampa,FL,33607,USA,,,,"{""city"":""Tampa"",""country"":""USA"",""geocodeAccuracy"":null,""latitude"":null,""longitude"":null,""postalCode"":""33607"",""state"":""FL"",""street"":""4301 West Boy Scout Blvd""}",4301 West Boy Scout Blvd,Tampa,FL,33607,USA,,,,"{""city"":""Tampa"",""country"":""USA"",""geocodeAccuracy"":null,""latitude"":null,""longitude"":null,""postalCode"":""33607"",""state"":""FL"",""street"":""4301 West Boy Scout Blvd""}",(555) 224-9205,,,,/services/images/photo/0010U00000zqsJ0QAI,,,,,,,,,,0050U000002fKJPQA2,2020-03-12T23:06:08.000+0000,0050U000002fKJPQA2,2020-03-12T23:06:08.000+0000,0050U000002fKJPQA2,2020-03-12T23:06:08.000+0000,,2020-03-12T23:06:08.000+0000,2020-03-12T23:06:08.000+0000,,,,,Pending,,,,,,,,,,,carina.sladky
0010U00000zqsJ1QAI,,,Kenisha Xaimoungkhoun,Customer,,112 N El Rancho Rd,Santa Fe,NM,87501,USA,,,,"{""city"":""Santa Fe"",""country"":""USA"",""geocodeAccuracy"":null,""latitude"":null,""longitude"":null,""postalCode"":""87501"",""state"":""NM"",""street"":""112 N El Rancho Rd""}",112 N El Rancho Rd,Santa Fe,NM,87501,USA,,,,"{""city"":""Santa Fe"",""country"":""USA"",""geocodeAccuracy"":null,""latitude"":null,""longitude"":null,""postalCode"":""87501"",""state"":""NM"",""street"":""112 N El Rancho Rd""}",(555) 750-9383,,,,/services/images/photo/0010U00000zqsJ1QAI,,,,,,,,,,0050U000002fKJPQA2,2020-03-12T23:06:08.000+0000,0050U000002fKJPQA2,2020-03-12T23:06:08.000+0000,0050U000002fKJPQA2,2020-03-12T23:06:08.000+0000,,2020-03-12T23:06:08.000+0000,2020-03-12T23:06:08.000+0000,,,,,Pending,,,,,,,,,,,kenisha.xaimoungkhoun
0010U00000zqsJ2QAI,,,Usha Hafele,Customer,,542 Candido Hills,Miles City,MT,59301,USA,,,,"{""city"":""Miles City"",""country"":""USA"",""geocodeAccuracy"":null,""latitude"":null,""longitude"":null,""postalCode"":""59301"",""state"":""MT"",""street"":""542 Candido Hills""}",542 Candido Hills,Miles City,MT,59301,USA,,,,"{""city"":""Miles City"",""country"":""USA"",""geocodeAccuracy"":null,""latitude"":null,""longitude"":null,""postalCode"":""59301"",""state"":""MT"",""street"":""542 Candido Hills""}",(555) 152-1484,,,,/services/images/photo/0010U00000zqsJ2QAI,,,,,,,,,,0050U000002fKJPQA2,2020-03-12T23:06:08.000+0000,0050U000002fKJPQA2,2020-03-12T23:06:08.000+0000,0050U000002fKJPQA2,2020-03-12T23:06:08.000+0000,,2020-03-12T23:06:08.000+0000,2020-03-12T23:06:08.000+0000,,,,,Pending,,,,,,,,,,,usha.hafele
0010U00000zqsJ3QAI,,,Bobette Noah,Customer,,22655 Fairfield Rd,St Augusta,MN,56301,USA,,,,"{""city"":""St Augusta"",""country"":""USA"",""geocodeAccuracy"":null,""latitude"":null,""longitude"":null,""postalCode"":""56301"",""state"":""MN"",""street"":""22655 Fairfield Rd""}",22655 Fairfield Rd,St Augusta,MN,56301,USA,,,,"{""city"":""St Augusta"",""country"":""USA"",""geocodeAccuracy"":null,""latitude"":null,""longitude"":null,""postalCode"":""56301"",""state"":""MN"",""street"":""22655 Fairfield Rd""}",(555) 772-4652,,,,/services/images/photo/0010U00000zqsJ3QAI,,,,,,,,,,0050U000002fKJPQA2,2020-03-12T23:06:08.000+0000,0050U000002fKJPQA2,2020-03-12T23:06:08.000+0000,0050U000002fKJPQA2,2020-03-12T23:06:08.000+0000,,2020-03-12T23:06:08.000+0000,2020-03-12T23:06:08.000+0000,,,,,Pending,,,,,,,,,,,bobette.noah
0010U00000zqsJ4QAI,,,Saran Fridlington,Customer,,206 De Korra Ln,Wisconsin Dells,WI,53965,USA,,,,"{""city"":""Wisconsin Dells"",""country"":""USA"",""geocodeAccuracy"":null,""latitude"":null,""longitude"":null,""postalCode"":""53965"",""state"":""WI"",""street"":""206 De Korra Ln""}",206 De Korra Ln,Wisconsin Dells,WI,53965,USA,,,,"{""city"":""Wisconsin Dells"",""country"":""USA"",""geocodeAccuracy"":null,""latitude"":null,""longitude"":null,""postalCode"":""53965"",""state"":""WI"",""street"":""206 De Korra Ln""}",(555) 837-2899,,,,/services/images/photo/0010U00000zqsJ4QAI,,,,,,,,,,0050U000002fKJPQA2,2020-03-12T23:06:08.000+0000,0050U000002fKJPQA2,2020-03-12T23:06:08.000+0000,0050U000002fKJPQA2,2020-03-12T23:06:08.000+0000,,2020-03-12T23:06:08.000+0000,2020-03-12T23:06:08.000+0000,,,,,Pending,,,,,,,,,,,saran.fridlington
0010U00000zqsJ5QAI,,,Dorthea Woehrle,Customer,,8629 238th Road,Nortonville,KS,66060,USA,,,,"{""city"":""Nortonville"",""country"":""USA"",""geocodeAccuracy"":null,""latitude"":null,""longitude"":null,""postalCode"":""66060"",""state"":""KS"",""street"":""8629 238th Road""}",8629 238th Road,Nortonville,KS,66060,USA,,,,"{""city"":""Nortonville"",""country"":""USA"",""geocodeAccuracy"":null,""latitude"":null,""longitude"":null,""postalCode"":""66060"",""state"":""KS"",""street"":""8629 238th Road""}",(555) 326-5083,,,,/services/images/photo/0010U00000zqsJ5QAI,,,,,,,,,,0050U000002fKJPQA2,2020-03-12T23:06:08.000+0000,0050U000002fKJPQA2,2020-03-12T23:06:08.000+0000,0050U000002fKJPQA2,2020-03-12T23:06:08.000+0000,,2020-03-12T23:06:08.000+0000,2020-03-12T23:06:08.000+0000,,,,,Pending,,,,,,,,,,,dorthea.woehrle
0010U00000zqsJ6QAI,,,Lorrie Homma,Customer,,929 108th Ave NE,Bellevue,WA,98004,USA,,,,"{""city"":""Bellevue"",""country"":""USA"",""geocodeAccuracy"":null,""latitude"":null,""longitude"":null,""postalCode"":""98004"",""state"":""WA"",""street"":""929 108th Ave NE""}",929 108th Ave NE,Bellevue,WA,98004,USA,,,,"{""city"":""Bellevue"",""country"":""USA"",""geocodeAccuracy"":null,""latitude"":null,""longitude"":null,""postalCode"":""98004"",""state"":""WA"",""street"":""929 108th Ave NE""}",(555) 737-3748,,,,/services/images/photo/0010U00000zqsJ6QAI,,,,,,,,,,0050U000002fKJPQA2,2020-03-12T23:06:08.000+0000,0050U000002fKJPQA2,2020-03-12T23:06:08.000+0000,0050U000002fKJPQA2,2020-03-12T23:06:08.000+0000,,2020-03-12T23:06:08.000+0000,2020-03-12T23:06:08.000+0000,,,,,Pending,,,,,,,,,,,lorrie.homma
0010U00000zqsJ7QAI,,,Garth Dash,Customer,,22750 N May Ave,Edmond,OK,73025,USA,,,,"{""city"":""Edmond"",""country"":""USA"",""geocodeAccuracy"":null,""latitude"":null,""longitude"":null,""postalCode"":""73025"",""state"":""OK"",""street"":""22750 N May Ave""}",22750 N May Ave,Edmond,OK,73025,USA,,,,"{""city"":""Edmond"",""country"":""USA"",""geocodeAccuracy"":null,""latitude"":null,""longitude"":null,""postalCode"":""73025"",""state"":""OK"",""street"":""22750 N May Ave""}",(555) 554-6632,,,,/services/images/photo/0010U00000zqsJ7QAI,,,,,,,,,,0050U000002fKJPQA2,2020-03-12T23:06:08.000+0000,0050U000002fKJPQA2,2020-03-12T23:06:08.000+0000,0050U000002fKJPQA2,2020-03-12T23:06:08.000+0000,,2020-03-12T23:06:08.000+0000,2020-03-12T23:06:08.000+0000,,,,,Pending,,,,,,,,,,,garth.dash
0010U00000zqsJ8QAI,,,Hedwig Berthiaume,Customer,,22750 N May Ave,Edmond,OK,73025,USA,,,,"{""city"":""Edmond"",""country"":""USA"",""geocodeAccuracy"":null,""latitude"":null,""longitude"":null,""postalCode"":""73025"",""state"":""OK"",""street"":""22750 N May Ave""}",22750 N May Ave,Edmond,OK,73025,USA,,,,"{""city"":""Edmond"",""country"":""USA"",""geocodeAccuracy"":null,""latitude"":null,""longitude"":null,""postalCode"":""73025"",""state"":""OK"",""street"":""22750 N May Ave""}",(555) 146-7829,,,,/services/images/photo/0010U00000zqsJ8QAI,,,,,,,,,,0050U000002fKJPQA2,2020-03-12T23:06:08.000+0000,0050U000002fKJPQA2,2020-03-12T23:06:08.000+0000,0050U000002fKJPQA2,2020-03-12T23:06:08.000+0000,,2020-03-12T23:06:08.000+0000,2020-03-12T23:06:08.000+0000,,,,,Pending,,,,,,,,,,,hedwig.berthiaume
0010U00000zqsJ9QAI,,,Marlena Debolt,Customer,,6010 London Dr,Sunset Valley,TX,78745,USA,,,,"{""city"":""Sunset Valley"",""country"":""USA"",""geocodeAccuracy"":null,""latitude"":null,""longitude"":null,""postalCode"":""78745"",""state"":""TX"",""street"":""6010 London Dr""}",6010 London Dr,Sunset Valley,TX,78745,USA,,,,"{""city"":""Sunset Valley"",""country"":""USA"",""geocodeAccuracy"":null,""latitude"":null,""longitude"":null,""postalCode"":""78745"",""state"":""TX"",""street"":""6010 London Dr""}",(555) 805-4813,,,,/services/images/photo/0010U00000zqsJ9QAI,,,,,,,,,,0050U000002fKJPQA2,2020-03-12T23:06:08.000+0000,0050U000002fKJPQA2,2020-03-12T23:06:08.000+0000,0050U000002fKJPQA2,2020-03-12T23:06:08.000+0000,,2020-03-12T23:06:08.000+0000,2020-03-12T23:06:08.000+0000,,,,,Pending,,,,,,,,,,,marlena.debolt
0010U00000zqsJAQAY,,,Katherin Wiedeman,Customer,,551 Oakdale Rd,Jamestown,NC,27282,USA,,,,"{""city"":""Jamestown"",""country"":""USA"",""geocodeAccuracy"":null,""latitude"":null,""longitude"":null,""postalCode"":""27282"",""state"":""NC"",""street"":""551 Oakdale Rd""}",551 Oakdale Rd,Jamestown,NC,27282,USA,,,,"{""city"":""Jamestown"",""country"":""USA"",""geocodeAccuracy"":null,""latitude"":null,""longitude"":null,""postalCode"":""27282"",""state"":""NC"",""street"":""551 Oakdale Rd""}",(555) 322-8949,,,,/services/images/photo/0010U00000zqsJAQAY,,,,,,,,,,0050U000002fKJPQA2,2020-03-12T23:06:08.000+0000,0050U000002fKJPQA2,2020-03-12T23:06:08.000+0000,0050U000002fKJPQA2,2020-03-12T23:06:08.000+0000,,2020-03-12T23:06:08.000+0000,2020-03-12T23:06:08.000+0000,,,,,Pending,,,,,,,,,,,katherin.wiedeman
0010U00000zqsJBQAY,,,Dawn Alwang,Customer,,7926 Droege Road,Decatur,IN,46733,USA,,,,"{""city"":""Decatur"",""country"":""USA"",""geocodeAccuracy"":null,""latitude"":null,""longitude"":null,""postalCode"":""46733"",""state"":""IN"",""street"":""7926 Droege Road""}",7926 Droege Road,Decatur,IN,46733,USA,,,,"{""city"":""Decatur"",""country"":""USA"",""geocodeAccuracy"":null,""latitude"":null,""longitude"":null,""postalCode"":""46733"",""state"":""IN"",""street"":""7926 Droege Road""}",(555) 165-4850,,,,/services/images/photo/0010U00000zqsJBQAY,,,,,,,,,,0050U000002fKJPQA2,2020-03-12T23:06:14.000+0000,0050U000002fKJPQA2,2020-03-12T23:06:14.000+0000,0050U000002fKJPQA2,2020-03-12T23:06:14.000+0000,,2020-03-12T23:06:14.000+0000,2020-03-12T23:06:14.000+0000,,,,,Pending,,,,,,,,,,,dawn.alwang
0010U00000zqsJCQAY,,,Deirdre Aldava,Customer,,84 Ocean Drive,Forest Home,AL,36030,USA,,,,"{""city"":""Forest Home"",""country"":""USA"",""geocodeAccuracy"":null,""latitude"":null,""longitude"":null,""postalCode"":""36030"",""state"":""AL"",""street"":""84 Ocean Drive""}",84 Ocean Drive,Forest Home,AL,36030,USA,,,,"{""city"":""Forest Home"",""country"":""USA"",""geocodeAccuracy"":null,""latitude"":null,""longitude"":null,""postalCode"":""36030"",""state"":""AL"",""street"":""84 Ocean Drive""}",(555) 977-6071,,,,/services/images/photo/0010U00000zqsJCQAY,,,,,,,,,,0050U000002fKJPQA2,2020-03-12T23:06:14.000+0000,0050U000002fKJPQA2,2020-03-12T23:06:14.000+0000,0050U000002fKJPQA2,2020-03-12T23:06:14.000+0000,,2020-03-12T23:06:14.000+0000,2020-03-12T23:06:14.000+0000,,,,,Pending,,,,,,,,,,,deirdre.aldava
0010U00000zqsJDQAY,,,Clara Piccinini,Customer,,111 West Illinois Street,Chicago,IL,60654,USA,,,,"{""city"":""Chicago"",""country"":""USA"",""geocodeAccuracy"":null,""latitude"":null,""longitude"":null,""postalCode"":""60654"",""state"":""IL"",""street"":""111 West Illinois Street""}",111 West Illinois Street,Chicago,IL,60654,USA,,,,"{""city"":""Chicago"",""country"":""USA"",""geocodeAccuracy"":null,""latitude"":null,""longitude"":null,""postalCode"":""60654"",""state"":""IL"",""street"":""111 West Illinois Street""}",(555) 272-2152,,,,/services/images/photo/0010U00000zqsJDQAY,,,,,,,,,,0050U000002fKJPQA2,2020-03-12T23:06:14.000+0000,0050U000002fKJPQA2,2020-03-12T23:06:14.000+0000,0050U000002fKJPQA2,2020-03-12T23:06:14.000+0000,,2020-03-12T23:06:14.000+0000,2020-03-12T23:06:14.000+0000,,,,,Pending,,,,,,,,,,,clara.piccinini
0010U00000zqsJEQAY,,,Vincenzo Tousignant,Customer,,361 Centennial Parkway,Louisville,CO,80027,USA,,,,"{""city"":""Louisville"",""country"":""USA"",""geocodeAccuracy"":null,""latitude"":null,""longitude"":null,""postalCode"":""80027"",""state"":""CO"",""street"":""361 Centennial Parkway""}",361 Centennial Parkway,Louisville,CO,80027,USA,,,,"{""city"":""Louisville"",""country"":""USA"",""geocodeAccuracy"":null,""latitude"":null,""longitude"":null,""postalCode"":""80027"",""state"":""CO"",""street"":""361 Centennial Parkway""}",(555) 450-5095,,,,/services/images/photo/0010U00000zqsJEQAY,,,,,,,,,,0050U000002fKJPQA2,2020-03-12T23:06:14.000+0000,0050U000002fKJPQA2,2020-03-12T23:06:14.000+0000,0050U000002fKJPQA2,2020-03-12T23:06:14.000+0000,,2020-03-12T23:06:14.000+0000,2020-03-12T23:06:14.000+0000,,,,,Pending,,,,,,,,,,,vincenzo.tousignant
0010U00000zqsJFQAY,,,Bernadine Brimfield,Customer,,929 108th Ave NE,Bellevue,WA,98004,USA,,,,"{""city"":""Bellevue"",""country"":""USA"",""geocodeAccuracy"":null,""latitude"":null,""longitude"":null,""postalCode"":""98004"",""state"":""WA"",""street"":""929 108th Ave NE""}",929 108th Ave NE,Bellevue,WA,98004,USA,,,,"{""city"":""Bellevue"",""country"":""USA"",""geocodeAccuracy"":null,""latitude"":null,""longitude"":null,""postalCode"":""98004"",""state"":""WA"",""street"":""929 108th Ave NE""}",(555) 909-8371,,,,/services/images/photo/0010U00000zqsJFQAY,,,,,,,,,,0050U000002fKJPQA2,2020-03-12T23:06:14.000+0000,0050U000002fKJPQA2,2020-03-12T23:06:14.000+0000,0050U000002fKJPQA2,2020-03-12T23:06:14.000+0000,,2020-03-12T23:06:14.000+0000,2020-03-12T23:06:14.000+0000,,,,,Pending,,,,,,,,,,,bernadine.brimfield
0010U00000zqsJGQAY,,,Ruben Valera,Customer,,2084 Waelchi Road,Denton,MT,59430,USA,,,,"{""city"":""Denton"",""country"":""USA"",""geocodeAccuracy"":null,""latitude"":null,""longitude"":null,""postalCode"":""59430"",""state"":""MT"",""street"":""2084 Waelchi Road""}",2084 Waelchi Road,Denton,MT,59430,USA,,,,"{""city"":""Denton"",""country"":""USA"",""geocodeAccuracy"":null,""latitude"":null,""longitude"":null,""postalCode"":""59430"",""state"":""MT"",""street"":""2084 Waelchi Road""}",(555) 413-8589,,,,/services/images/photo/0010U00000zqsJGQAY,,,,,,,,,,0050U000002fKJPQA2,2020-03-12T23:06:14.000+0000,0050U000002fKJPQA2,2020-03-12T23:06:14.000+0000,0050U000002fKJPQA2,2020-03-12T23:06:14.000+0000,,2020-03-12T23:06:14.000+0000,2020-03-12T23:06:14.000+0000,,,,,Pending,,,,,,,,,,,ruben.valera
0010U00000zqsJHQAY,,,Shante Sweezy,Customer,,2084 Waelchi Road,Denton,MT,59430,USA,,,,"{""city"":""Denton"",""country"":""USA"",""geocodeAccuracy"":null,""latitude"":null,""longitude"":null,""postalCode"":""59430"",""state"":""MT"",""street"":""2084 Waelchi Road""}",2084 Waelchi Road,Denton,MT,59430,USA,,,,"{""city"":""Denton"",""country"":""USA"",""geocodeAccuracy"":null,""latitude"":null,""longitude"":null,""postalCode"":""59430"",""state"":""MT"",""street"":""2084 Waelchi Road""}",(555) 163-6358,,,,/services/images/photo/0010U00000zqsJHQAY,,,,,,,,,,0050U000002fKJPQA2,2020-03-12T23:06:14.000+0000,0050U000002fKJPQA2,2020-03-12T23:06:14.000+0000,0050U000002fKJPQA2,2020-03-12T23:06:14.000+0000,,2020-03-12T23:06:14.000+0000,2020-03-12T23:06:14.000+0000,,,,,Pending,,,,,,,,,,,shante.sweezy
0010U00000zqsJIQAY,,,Fausto Beckman,Customer,,1335 Madison St NE,Salem,OR,97301,USA,,,,"{""city"":""Salem"",""country"":""USA"",""geocodeAccuracy"":null,""latitude"":null,""longitude"":null,""postalCode"":""97301"",""state"":""OR"",""street"":""1335 Madison St NE""}",1335 Madison St NE,Salem,OR,97301,USA,,,,"{""city"":""Salem"",""country"":""USA"",""geocodeAccuracy"":null,""latitude"":null,""longitude"":null,""postalCode"":""97301"",""state"":""OR"",""street"":""1335 Madison St NE""}",(555) 244-6930,,,,/services/images/photo/0010U00000zqsJIQAY,,,,,,,,,,0050U000002fKJPQA2,2020-03-12T23:06:14.000+0000,0050U000002fKJPQA2,2020-03-12T23:06:14.000+0000,0050U000002fKJPQA2,2020-03-12T23:06:14.000+0000,,2020-03-12T23:06:14.000+0000,2020-03-12T23:06:14.000+0000,,,,,Pending,,,,,,,,,,,fausto.beckman
0010U00000zqsJJQAY,,,Von Reuschel,Customer,,929 108th Ave NE,Bellevue,WA,98004,USA,,,,"{""city"":""Bellevue"",""country"":""USA"",""geocodeAccuracy"":null,""latitude"":null,""longitude"":null,""postalCode"":""98004"",""state"":""WA"",""street"":""929 108th Ave NE""}",929 108th Ave NE,Bellevue,WA,98004,USA,,,,"{""city"":""Bellevue"",""country"":""USA"",""geocodeAccuracy"":null,""latitude"":null,""longitude"":null,""postalCode"":""98004"",""state"":""WA"",""street"":""929 108th Ave NE""}",(555) 312-3421,,,,/services/images/photo/0010U00000zqsJJQAY,,,,,,,,,,0050U000002fKJPQA2,2020-03-12T23:06:14.000+0000,0050U000002fKJPQA2,2020-03-12T23:06:14.000+0000,0050U000002fKJPQA2,2020-03-12T23:06:14.000+0000,,2020-03-12T23:06:14.000+0000,2020-03-12T23:06:14.000+0000,,,,,Pending,,,,,,,,,,,von.reuschel
0010U00000zqsJKQAY,,,Mittie Bomba,Customer,,3604 84th St E,Tacoma,WA,98446,USA,,,,"{""city"":""Tacoma"",""country"":""USA"",""geocodeAccuracy"":null,""latitude"":null,""longitude"":null,""postalCode"":""98446"",""state"":""WA"",""street"":""3604 84th St E""}",3604 84th St E,Tacoma,WA,98446,USA,,,,"{""city"":""Tacoma"",""country"":""USA"",""geocodeAccuracy"":null,""latitude"":null,""longitude"":null,""postalCode"":""98446"",""state"":""WA"",""street"":""3604 84th St E""}",(555) 376-8630,,,,/services/images/photo/0010U00000zqsJKQAY,,,,,,,,,,0050U000002fKJPQA2,2020-03-12T23:06:14.000+0000,0050U000002fKJPQA2,2020-03-12T23:06:14.000+0000,0050U000002fKJPQA2,2020-03-12T23:06:14.000+0000,,2020-03-12T23:06:14.000+0000,2020-03-12T23:06:14.000+0000,,,,,Pending,,,,,,,,,,,mittie.bomba
0010U00000zqsJLQAY,,,Athena Koppes,Customer,,400 Grant Ave,Duquesne,PA,15110,USA,,,,"{""city"":""Duquesne"",""country"":""USA"",""geocodeAccuracy"":null,""latitude"":null,""longitude"":null,""postalCode"":""15110"",""state"":""PA"",""street"":""400 Grant Ave""}",400 Grant Ave,Duquesne,PA,15110,USA,,,,"{""city"":""Duquesne"",""country"":""USA"",""geocodeAccuracy"":null,""latitude"":null,""longitude"":null,""postalCode"":""15110"",""state"":""PA"",""street"":""400 Grant Ave""}",(555) 402-4659,,,,/services/images/photo/0010U00000zqsJLQAY,,,,,,,,,,0050U000002fKJPQA2,2020-03-12T23:06:14.000+0000,0050U000002fKJPQA2,2020-03-12T23:06:14.000+0000,0050U000002fKJPQA2,2020-03-12T23:06:14.000+0000,,2020-03-12T23:06:14.000+0000,2020-03-12T23:06:14.000+0000,,,,,Pending,,,,,,,,,,,athena.koppes
0010U00000zqsJMQAY,,,Catheryn Sencabaugh,Customer,,8629 238th Road,Nortonville,KS,66060,USA,,,,"{""city"":""Nortonville"",""country"":""USA"",""geocodeAccuracy"":null,""latitude"":null,""longitude"":null,""postalCode"":""66060"",""state"":""KS"",""street"":""8629 238th Road""}",8629 238th Road,Nortonville,KS,66060,USA,,,,"{""city"":""Nortonville"",""country"":""USA"",""geocodeAccuracy"":null,""latitude"":null,""longitude"":null,""postalCode"":""66060"",""state"":""KS"",""street"":""8629 238th Road""}",(555) 175-9245,,,,/services/images/photo/0010U00000zqsJMQAY,,,,,,,,,,0050U000002fKJPQA2,2020-03-12T23:06:14.000+0000,0050U000002fKJPQA2,2020-03-12T23:06:14.000+0000,0050U000002fKJPQA2,2020-03-12T23:06:14.000+0000,,2020-03-12T23:06:14.000+0000,2020-03-12T23:06:14.000+0000,,,,,Pending,,,,,,,,,,,catheryn.sencabaugh
0010U00000zqsJNQAY,,,Hang Fitzpatrick,Customer,,10105 Propps St NE,Albuquerque,NM,87112,USA,,,,"{""city"":""Albuquerque"",""country"":""USA"",""geocodeAccuracy"":null,""latitude"":null,""longitude"":null,""postalCode"":""87112"",""state"":""NM"",""street"":""10105 Propps St NE""}",10105 Propps St NE,Albuquerque,NM,87112,USA,,,,"{""city"":""Albuquerque"",""country"":""USA"",""geocodeAccuracy"":null,""latitude"":null,""longitude"":null,""postalCode"":""87112"",""state"":""NM"",""street"":""10105 Propps St NE""}",(555) 993-6558,,,,/services/images/photo/0010U00000zqsJNQAY,,,,,,,,,,0050U000002fKJPQA2,2020-03-12T23:06:14.000+0000,0050U000002fKJPQA2,2020-03-12T23:06:14.000+0000,0050U000002fKJPQA2,2020-03-12T23:06:14.000+0000,,2020-03-12T23:06:14.000+0000,2020-03-12T23:06:14.000+0000,,,,,Pending,,,,,,,,,,,hang.fitzpatrick
0010U00000zqsJOQAY,,,Stephania Gohn,Customer,,111 West Illinois Street,Chicago,IL,60654,USA,,,,"{""city"":""Chicago"",""country"":""USA"",""geocodeAccuracy"":null,""latitude"":null,""longitude"":null,""postalCode"":""60654"",""state"":""IL"",""street"":""111 West Illinois Street""}",111 West Illinois Street,Chicago,IL,60654,USA,,,,"{""city"":""Chicago"",""country"":""USA"",""geocodeAccuracy"":null,""latitude"":null,""longitude"":null,""postalCode"":""60654"",""state"":""IL"",""street"":""111 West Illinois Street""}",(555) 494-4765,,,,/services/images/photo/0010U00000zqsJOQAY,,,,,,,,,,0050U000002fKJPQA2,2020-03-12T23:06:14.000+0000,0050U000002fKJPQA2,2020-03-12T23:06:14.000+0000,0050U000002fKJPQA2,2020-03-12T23:06:14.000+0000,,2020-03-12T23:06:14.000+0000,2020-03-12T23:06:14.000+0000,,,,,Pending,,,,,,,,,,,stephania.gohn
0010U00000zqsJPQAY,,,Leena Seale,Customer,,900 Bulldog Run,Rolla,MO,65401,USA,,,,"{""city"":""Rolla"",""country"":""USA"",""geocodeAccuracy"":null,""latitude"":null,""longitude"":null,""postalCode"":""65401"",""state"":""MO"",""street"":""900 Bulldog Run""}",900 Bulldog Run,Rolla,MO,65401,USA,,,,"{""city"":""Rolla"",""country"":""USA"",""geocodeAccuracy"":null,""latitude"":null,""longitude"":null,""postalCode"":""65401"",""state"":""MO"",""street"":""900 Bulldog Run""}",(555) 278-6464,,,,/services/images/photo/0010U00000zqsJPQAY,,,,,,,,,,0050U000002fKJPQA2,2020-03-12T23:06:14.000+0000,0050U000002fKJPQA2,2020-03-12T23:06:14.000+0000,0050U000002fKJPQA2,2020-03-12T23:06:14.000+0000,,2020-03-12T23:06:14.000+0000,2020-03-12T23:06:14.000+0000,,,,,Pending,,,,,,,,,,,leena.seale
0010U00000zqsJQQAY,,,Darell Khansari,Customer,,112 N El Rancho Rd,Santa Fe,NM,87501,USA,,,,"{""city"":""Santa Fe"",""country"":""USA"",""geocodeAccuracy"":null,""latitude"":null,""longitude"":null,""postalCode"":""87501"",""state"":""NM"",""street"":""112 N El Rancho Rd""}",112 N El Rancho Rd,Santa Fe,NM,87501,USA,,,,"{""city"":""Santa Fe"",""country"":""USA"",""geocodeAccuracy"":null,""latitude"":null,""longitude"":null,""postalCode"":""87501"",""state"":""NM"",""street"":""112 N El Rancho Rd""}",(555) 991-6014,,,,/services/images/photo/0010U00000zqsJQQAY,,,,,,,,,,0050U000002fKJPQA2,2020-03-12T23:06:14.000+0000,0050U000002fKJPQA2,2020-03-12T23:06:14.000+0000,0050U000002fKJPQA2,2020-03-12T23:06:14.000+0000,,2020-03-12T23:06:14.000+0000,2020-03-12T23:06:14.000+0000,,,,,Pending,,,,,,,,,,,darell.khansari
0010U00000zqsJRQAY,,,Season Koles,Customer,,111 West Illinois Street,Chicago,IL,60654,USA,,,,"{""city"":""Chicago"",""country"":""USA"",""geocodeAccuracy"":null,""latitude"":null,""longitude"":null,""postalCode"":""60654"",""state"":""IL"",""street"":""111 West Illinois Street""}",111 West Illinois Street,Chicago,IL,60654,USA,,,,"{""city"":""Chicago"",""country"":""USA"",""geocodeAccuracy"":null,""latitude"":null,""longitude"":null,""postalCode"":""60654"",""state"":""IL"",""street"":""111 West Illinois Street""}",(555) 530-5066,,,,/services/images/photo/0010U00000zqsJRQAY,,,,,,,,,,0050U000002fKJPQA2,2020-03-12T23:06:14.000+0000,0050U000002fKJPQA2,2020-03-12T23:06:14.000+0000,0050U000002fKJPQA2,2020-03-12T23:06:14.000+0000,,2020-03-12T23:06:14.000+0000,2020-03-12T23:06:14.000+0000,,,,,Pending,,,,,,,,,,,season.koles
0010U00000zqsJSQAY,,,Lamar Italiano,Customer,,1335 Madison St NE,Salem,OR,97301,USA,,,,"{""city"":""Salem"",""country"":""USA"",""geocodeAccuracy"":null,""latitude"":null,""longitude"":null,""postalCode"":""97301"",""state"":""OR"",""street"":""1335 Madison St NE""}",1335 Madison St NE,Salem,OR,97301,USA,,,,"{""city"":""Salem"",""country"":""USA"",""geocodeAccuracy"":null,""latitude"":null,""longitude"":null,""postalCode"":""97301"",""state"":""OR"",""street"":""1335 Madison St NE""}",(555) 686-9792,,,,/services/images/photo/0010U00000zqsJSQAY,,,,,,,,,,0050U000002fKJPQA2,2020-03-12T23:06:14.000+0000,0050U000002fKJPQA2,2020-03-12T23:06:14.000+0000,0050U000002fKJPQA2,2020-03-12T23:06:14.000+0000,,2020-03-12T23:06:14.000+0000,2020-03-12T23:06:14.000+0000,,,,,Pending,,,,,,,,,,,lamar.italiano
0010U00000zqsJTQAY,,,Giselle Deley,Customer,,112 N El Rancho Rd,Santa Fe,NM,87501,USA,,,,"{""city"":""Santa Fe"",""country"":""USA"",""geocodeAccuracy"":null,""latitude"":null,""longitude"":null,""postalCode"":""87501"",""state"":""NM"",""street"":""112 N El Rancho Rd""}",112 N El Rancho Rd,Santa Fe,NM,87501,USA,,,,"{""city"":""Santa Fe"",""country"":""USA"",""geocodeAccuracy"":null,""latitude"":null,""longitude"":null,""postalCode"":""87501"",""state"":""NM"",""street"":""112 N El Rancho Rd""}",(555) 422-9295,,,,/services/images/photo/0010U00000zqsJTQAY,,,,,,,,,,0050U000002fKJPQA2,2020-03-12T23:06:14.000+0000,0050U000002fKJPQA2,2020-03-12T23:06:14.000+0000,0050U000002fKJPQA2,2020-03-12T23:06:14.000+0000,,2020-03-12T23:06:14.000+0000,2020-03-12T23:06:14.000+0000,,,,,Pending,,,,,,,,,,,giselle.deley
0010U00000zqsJUQAY,,,Lanora Elks,Customer,,112 N El Rancho Rd,Santa Fe,NM,87501,USA,,,,"{""city"":""Santa Fe"",""country"":""USA"",""geocodeAccuracy"":null,""latitude"":null,""longitude"":null,""postalCode"":""87501"",""state"":""NM"",""street"":""112 N El Rancho Rd""}",112 N El Rancho Rd,Santa Fe,NM,87501,USA,,,,"{""city"":""Santa Fe"",""country"":""USA"",""geocodeAccuracy"":null,""latitude"":null,""longitude"":null,""postalCode"":""87501"",""state"":""NM"",""street"":""112 N El Rancho Rd""}",(555) 728-7726,,,,/services/images/photo/0010U00000zqsJUQAY,,,,,,,,,,0050U000002fKJPQA2,2020-03-12T23:06:14.000+0000,0050U000002fKJPQA2,2020-03-12T23:06:14.000+0000,0050U000002fKJPQA2,2020-03-12T23:06:14.000+0000,,2020-03-12T23:06:14.000+0000,2020-03-12T23:06:14.000+0000,,,,,Pending,,,,,,,,,,,lanora.elks
0010U00000zqsJVQAY,,,Garfield Karlgaard,Customer,,400 Grant Ave,Duquesne,PA,15110,USA,,,,"{""city"":""Duquesne"",""country"":""USA"",""geocodeAccuracy"":null,""latitude"":null,""longitude"":null,""postalCode"":""15110"",""state"":""PA"",""street"":""400 Grant Ave""}",400 Grant Ave,Duquesne,PA,15110,USA,,,,"{""city"":""Duquesne"",""country"":""USA"",""geocodeAccuracy"":null,""latitude"":null,""longitude"":null,""postalCode"":""15110"",""state"":""PA"",""street"":""400 Grant Ave""}",(555) 661-8670,,,,/services/images/photo/0010U00000zqsJVQAY,,,,,,,,,,0050U000002fKJPQA2,2020-03-12T23:06:14.000+0000,0050U000002fKJPQA2,2020-03-12T23:06:14.000+0000,0050U000002fKJPQA2,2020-03-12T23:06:14.000+0000,,2020-03-12T23:06:14.000+0000,2020-03-12T23:06:14.000+0000,,,,,Pending,,,,,,,,,,,garfield.karlgaard
0010U00000zqsJWQAY,,,Rolf Garito,Customer,,30303 SE Lusted Rd,Gresham,OR,97080,USA,,,,"{""city"":""Gresham"",""country"":""USA"",""geocodeAccuracy"":null,""latitude"":null,""longitude"":null,""postalCode"":""97080"",""state"":""OR"",""street"":""30303 SE Lusted Rd""}",30303 SE Lusted Rd,Gresham,OR,97080,USA,,,,"{""city"":""Gresham"",""country"":""USA"",""geocodeAccuracy"":null,""latitude"":null,""longitude"":null,""postalCode"":""97080"",""state"":""OR"",""street"":""30303 SE Lusted Rd""}",(555) 180-9676,,,,/services/images/photo/0010U00000zqsJWQAY,,,,,,,,,,0050U000002fKJPQA2,2020-03-12T23:06:14.000+0000,0050U000002fKJPQA2,2020-03-12T23:06:14.000+0000,0050U000002fKJPQA2,2020-03-12T23:06:14.000+0000,,2020-03-12T23:06:14.000+0000,2020-03-12T23:06:14.000+0000,,,,,Pending,,,,,,,,,,,rolf.garito
0010U00000zqsJXQAY,,,Shalonda Justen,Customer,,7139 Kilback Mountains,Antonito,CO,81120,USA,,,,"{""city"":""Antonito"",""country"":""USA"",""geocodeAccuracy"":null,""latitude"":null,""longitude"":null,""postalCode"":""81120"",""state"":""CO"",""street"":""7139 Kilback Mountains""}",7139 Kilback Mountains,Antonito,CO,81120,USA,,,,"{""city"":""Antonito"",""country"":""USA"",""geocodeAccuracy"":null,""latitude"":null,""longitude"":null,""postalCode"":""81120"",""state"":""CO"",""street"":""7139 Kilback Mountains""}",(555) 480-1217,,,,/services/images/photo/0010U00000zqsJXQAY,,,,,,,,,,0050U000002fKJPQA2,2020-03-12T23:06:14.000+0000,0050U000002fKJPQA2,2020-03-12T23:06:14.000+0000,0050U000002fKJPQA2,2020-03-12T23:06:14.000+0000,,2020-03-12T23:06:14.000+0000,2020-03-12T23:06:14.000+0000,,,,,Pending,,,,,,,,,,,shalonda.justen
0010U00000zqsJYQAY,,,Georgeanna Tisinger,Customer,,1095 Avenue of the Americas,New York,NY,10036,USA,,,,"{""city"":""New York"",""country"":""USA"",""geocodeAccuracy"":null,""latitude"":null,""longitude"":null,""postalCode"":""10036"",""state"":""NY"",""street"":""1095 Avenue of the Americas""}",1095 Avenue of the Americas,New York,NY,10036,USA,,,,"{""city"":""New York"",""country"":""USA"",""geocodeAccuracy"":null,""latitude"":null,""longitude"":null,""postalCode"":""10036"",""state"":""NY"",""street"":""1095 Avenue of the Americas""}",(555) 876-3922,,,,/services/images/photo/0010U00000zqsJYQAY,,,,,,,,,,0050U000002fKJPQA2,2020-03-12T23:06:14.000+0000,0050U000002fKJPQA2,2020-03-12T23:06:14.000+0000,0050U000002fKJPQA2,2020-03-12T23:06:14.000+0000,,2020-03-12T23:06:14.000+0000,2020-03-12T23:06:14.000+0000,,,,,Pending,,,,,,,,,,,georgeanna.tisinger
0010U00000zqsJZQAY,,,Larae Vasudevan,Customer,,542 Candido Hills,Miles City,MT,59301,USA,,,,"{""city"":""Miles City"",""country"":""USA"",""geocodeAccuracy"":null,""latitude"":null,""longitude"":null,""postalCode"":""59301"",""state"":""MT"",""street"":""542 Candido Hills""}",542 Candido Hills,Miles City,MT,59301,USA,,,,"{""city"":""Miles City"",""country"":""USA"",""geocodeAccuracy"":null,""latitude"":null,""longitude"":null,""postalCode"":""59301"",""state"":""MT"",""street"":""542 Candido Hills""}",(555) 984-9957,,,,/services/images/photo/0010U00000zqsJZQAY,,,,,,,,,,0050U000002fKJPQA2,2020-03-12T23:06:14.000+0000,0050U000002fKJPQA2,2020-03-12T23:06:14.000+0000,0050U000002fKJPQA2,2020-03-12T23:06:14.000+0000,,2020-03-12T23:06:14.000+0000,2020-03-12T23:06:14.000+0000,,,,,Pending,,,,,,,,,,,larae.vasudevan
0010U00000zqsJaQAI,,,Concha Somalski,Customer,,1335 Madison St NE,Salem,OR,97301,USA,,,,"{""city"":""Salem"",""country"":""USA"",""geocodeAccuracy"":null,""latitude"":null,""longitude"":null,""postalCode"":""97301"",""state"":""OR"",""street"":""1335 Madison St NE""}",1335 Madison St NE,Salem,OR,97301,USA,,,,"{""city"":""Salem"",""country"":""USA"",""geocodeAccuracy"":null,""latitude"":null,""longitude"":null,""postalCode"":""97301"",""state"":""OR"",""street"":""1335 Madison St NE""}",(555) 318-1931,,,,/services/images/photo/0010U00000zqsJaQAI,,,,,,,,,,0050U000002fKJPQA2,2020-03-12T23:06:14.000+0000,0050U000002fKJPQA2,2020-03-12T23:06:14.000+0000,0050U000002fKJPQA2,2020-03-12T23:06:14.000+0000,,2020-03-12T23:06:14.000+0000,2020-03-12T23:06:14.000+0000,,,,,Pending,,,,,,,,,,,concha.somalski
0010U00000zqsJbQAI,,,Rosamond Visnic,Customer,,10105 Propps St NE,Albuquerque,NM,87112,USA,,,,"{""city"":""Albuquerque"",""country"":""USA"",""geocodeAccuracy"":null,""latitude"":null,""longitude"":null,""postalCode"":""87112"",""state"":""NM"",""street"":""10105 Propps St NE""}",10105 Propps St NE,Albuquerque,NM,87112,USA,,,,"{""city"":""Albuquerque"",""country"":""USA"",""geocodeAccuracy"":null,""latitude"":null,""longitude"":null,""postalCode"":""87112"",""state"":""NM"",""street"":""10105 Propps St NE""}",(555) 481-8034,,,,/services/images/photo/0010U00000zqsJbQAI,,,,,,,,,,0050U000002fKJPQA2,2020-03-12T23:06:14.000+0000,0050U000002fKJPQA2,2020-03-12T23:06:14.000+0000,0050U000002fKJPQA2,2020-03-12T23:06:14.000+0000,,2020-03-12T23:06:14.000+0000,2020-03-12T23:06:14.000+0000,,,,,Pending,,,,,,,,,,,rosamond.visnic
0010U00000zqsJcQAI,,,Joie Milian,Customer,,361 Centennial Parkway,Louisville,CO,80027,USA,,,,"{""city"":""Louisville"",""country"":""USA"",""geocodeAccuracy"":null,""latitude"":null,""longitude"":null,""postalCode"":""80027"",""state"":""CO"",""street"":""361 Centennial Parkway""}",361 Centennial Parkway,Louisville,CO,80027,USA,,,,"{""city"":""Louisville"",""country"":""USA"",""geocodeAccuracy"":null,""latitude"":null,""longitude"":null,""postalCode"":""80027"",""state"":""CO"",""street"":""361 Centennial Parkway""}",(555) 691-2113,,,,/services/images/photo/0010U00000zqsJcQAI,,,,,,,,,,0050U000002fKJPQA2,2020-03-12T23:06:14.000+0000,0050U000002fKJPQA2,2020-03-12T23:06:14.000+0000,0050U000002fKJPQA2,2020-03-12T23:06:14.000+0000,,2020-03-12T23:06:14.000+0000,2020-03-12T23:06:14.000+0000,,,,,Pending,,,,,,,,,,,joie.milian
0010U00000zqsJdQAI,,,Christinia Vukovich,Customer,,22750 N May Ave,Edmond,OK,73025,USA,,,,"{""city"":""Edmond"",""country"":""USA"",""geocodeAccuracy"":null,""latitude"":null,""longitude"":null,""postalCode"":""73025"",""state"":""OK"",""street"":""22750 N May Ave""}",22750 N May Ave,Edmond,OK,73025,USA,,,,"{""city"":""Edmond"",""country"":""USA"",""geocodeAccuracy"":null,""latitude"":null,""longitude"":null,""postalCode"":""73025"",""state"":""OK"",""street"":""22750 N May Ave""}",(555) 307-2018,,,,/services/images/photo/0010U00000zqsJdQAI,,,,,,,,,,0050U000002fKJPQA2,2020-03-12T23:06:14.000+0000,0050U000002fKJPQA2,2020-03-12T23:06:14.000+0000,0050U000002fKJPQA2,2020-03-12T23:06:14.000+0000,,2020-03-12T23:06:14.000+0000,2020-03-12T23:06:14.000+0000,,,,,Pending,,,,,,,,,,,christinia.vukovich
0010U00000zqsJeQAI,,,Jeri Stello,Customer,,206 De Korra Ln,Wisconsin Dells,WI,53965,USA,,,,"{""city"":""Wisconsin Dells"",""country"":""USA"",""geocodeAccuracy"":null,""latitude"":null,""longitude"":null,""postalCode"":""53965"",""state"":""WI"",""street"":""206 De Korra Ln""}",206 De Korra Ln,Wisconsin Dells,WI,53965,USA,,,,"{""city"":""Wisconsin Dells"",""country"":""USA"",""geocodeAccuracy"":null,""latitude"":null,""longitude"":null,""postalCode"":""53965"",""state"":""WI"",""street"":""206 De Korra Ln""}",(555) 361-4968,,,,/services/images/photo/0010U00000zqsJeQAI,,,,,,,,,,0050U000002fKJPQA2,2020-03-12T23:06:14.000+0000,0050U000002fKJPQA2,2020-03-12T23:06:14.000+0000,0050U000002fKJPQA2,2020-03-12T23:06:14.000+0000,,2020-03-12T23:06:14.000+0000,2020-03-12T23:06:14.000+0000,,,,,Pending,,,,,,,,,,,jeri.stello
